batch_name,Name,SampleIndex,SampleNumber,vial_capped,gc_well_number,hydrogen_evolution,oxygen_evolution,hydrogen_evolution_micromol,oxygen_evolution_micromol,sonication_time_min,illumination_time_min,gc_method,purge_time,cap_vials,P10-HS_to_dispense,CaCO3_to_dispense,P10_to_dispense,g-C3N4_to_dispense,FS-COF_to_dispense,domen_xb_1_to_dispense,pt/gcn_to_dispense,water_to_dispense,Water8_to_dispense,AscorbicAcid0-1M_to_dispense,TEOA-0-1VV_to_dispense,MethyleneBlue0-25g-L_to_dispense,AcidRed871-0g-L_to_dispense,RhodamineB_to_dispense,RoseBengal1-0g-L_to_dispense,AscorbicAcid1-0M_to_dispense,P10-HS_dispensed,CaCO3_dispensed,P10_dispensed,g-C3N4_dispensed,FS-COF_dispensed,domen_xb_1_dispensed,pt/gcn_dispensed,water_dispensed,Water8_dispensed,AscorbicAcid0-1M_dispensed,TEOA-0-1VV_dispensed,MethyleneBlue0-25g-L_dispensed,AcidRed871-0g-L_dispensed,RhodamineB_dispensed,RoseBengal1-0g-L_dispensed,AscorbicAcid1-0M_dispensed,submit_start,submit_finish,run_start,run_finish,PickUp_start,PickUp_finish,load_quantos_start,load_quantos_finish,unload_quantos_start,unload_quantos_finish,dispense_liquid_start,dispense_liquid_finish,load_sonicator_start,load_sonicator_finish,sonication_start,sonication_finish,unload_sonicator_start,unload_sonicator_finish,load_photocat_start,load_photocat_finish,photolysis_start,photolysis_finish,unload_photocat_start,unload_photocat_finish,load_gc_start,load_gc_finish,gc_analysis_start,gc_analysis_finish,unload_gc_start,unload_gc_finish,move_to_storage_start,move_to_storage_finish
exploratory-run-1,exploratory-dye_1,0,1,1,1,0,0,0.0,0.0,10,60,constant-HS rc,60,1,0.0,0.0,0.0,0.0,0.0,0.0,0.0,5.0,0.0,0.0,0.0,0.0,0.0,0.0,0.0,0.0,0.0,0.0,0.0,0.0,0.0,0.0,0.0,4.9900002,0.0,0.0,0.0,0.0,0.0,0.0,0.0,0.0,,,28-03-2019 12:10:08,,28-03-2019 12:10:09,28-03-2019 12:10:45,,,,,28-03-2019 12:10:48,28-03-2019 13:07:30,28-03-2019 13:07:34,28-03-2019 13:16:46,28-03-2019 13:16:46,28-03-2019 13:45:37,28-03-2019 13:29:15,28-03-2019 13:45:41,28-03-2019 13:45:46,28-03-2019 13:56:01,28-03-2019 13:56:01,28-03-2019 14:56:02,28-03-2019 15:13:44,28-03-2019 15:21:45,28-03-2019 15:21:48,28-03-2019 15:25:02,28-03-2019 15:25:02,,28-03-2019 22:05:19,28-03-2019 22:08:01,28-03-2019 22:10:08,28-03-2019 22:13:22
exploratory-run-1,exploratory-dye_2,1,2,1,2,33,428182,0.0,1.50698046474,10,60,constant-HS rc,60,1,0.0,0.0,0.0,0.0,0.0,0.0,0.0,5.0,0.0,0.0,0.0,0.0,0.0,0.0,0.0,0.0,0.0,0.0,0.0,0.0,0.0,0.0,0.0,5.0000005,0.0,0.0,0.0,0.0,0.0,0.0,0.0,0.0,,,28-03-2019 12:10:08,,28-03-2019 12:10:09,28-03-2019 12:10:45,,,,,28-03-2019 12:10:48,28-03-2019 13:07:30,28-03-2019 13:07:34,28-03-2019 13:16:46,28-03-2019 13:16:46,28-03-2019 13:45:37,28-03-2019 13:29:15,28-03-2019 13:45:41,28-03-2019 13:45:46,28-03-2019 13:56:01,28-03-2019 13:56:01,28-03-2019 14:56:02,28-03-2019 15:13:44,28-03-2019 15:21:45,28-03-2019 15:21:48,28-03-2019 15:25:02,28-03-2019 15:25:02,,28-03-2019 22:05:19,28-03-2019 22:08:01,28-03-2019 22:10:08,28-03-2019 22:13:22
exploratory-run-1,exploratory-dye_3,2,3,1,3,33,425271,0.0,1.49037009497,10,60,constant-HS rc,60,1,0.0,0.0,0.0,0.0,0.0,0.0,0.0,4.0,0.0,0.0,0.0,0.0,0.0,0.0,1.0,0.0,0.0,0.0,0.0,0.0,0.0,0.0,0.0,4.0,0.0,0.0,0.0,0.0,0.0,0.0,1.0099993,0.0,,,28-03-2019 12:10:08,,28-03-2019 12:10:09,28-03-2019 12:10:45,,,,,28-03-2019 12:10:48,28-03-2019 13:07:30,28-03-2019 13:07:34,28-03-2019 13:16:46,28-03-2019 13:16:46,28-03-2019 13:45:37,28-03-2019 13:29:15,28-03-2019 13:45:41,28-03-2019 13:45:46,28-03-2019 13:56:01,28-03-2019 13:56:01,28-03-2019 14:56:02,28-03-2019 15:13:44,28-03-2019 15:21:45,28-03-2019 15:21:48,28-03-2019 15:25:02,28-03-2019 15:25:02,,28-03-2019 22:05:19,28-03-2019 22:08:01,28-03-2019 22:10:08,28-03-2019 22:13:22
exploratory-run-1,exploratory-dye_4,3,4,1,4,17,429061,0.0,1.51199610027,10,60,constant-HS rc,60,1,0.0,0.0,0.0,0.0,0.0,0.0,0.0,4.0,0.0,0.0,0.0,0.0,0.0,0.0,1.0,0.0,0.0,0.0,0.0,0.0,0.0,0.0,0.0,3.9999998,0.0,0.0,0.0,0.0,0.0,0.0,1.0,0.0,,,28-03-2019 12:10:08,,28-03-2019 12:10:09,28-03-2019 12:10:45,,,,,28-03-2019 12:10:48,28-03-2019 13:07:30,28-03-2019 13:07:34,28-03-2019 13:16:46,28-03-2019 13:16:46,28-03-2019 13:45:37,28-03-2019 13:29:15,28-03-2019 13:45:41,28-03-2019 13:45:46,28-03-2019 13:56:01,28-03-2019 13:56:01,28-03-2019 14:56:02,28-03-2019 15:13:44,28-03-2019 15:21:45,28-03-2019 15:21:48,28-03-2019 15:25:02,28-03-2019 15:25:02,,28-03-2019 22:05:19,28-03-2019 22:08:01,28-03-2019 22:10:08,28-03-2019 22:13:22
exploratory-run-1,exploratory-dye_5,4,5,1,5,69,461601,0.0,1.69767161807,10,60,constant-HS rc,60,1,0.0,0.0,0.0,0.0,0.0,0.0,0.0,4.0,0.0,0.0,0.0,0.0,0.0,1.0,0.0,0.0,0.0,0.0,0.0,0.0,0.0,0.0,0.0,4.0,0.0,0.0,0.0,0.0,0.0,1.0,0.0,0.0,,,28-03-2019 12:10:08,,28-03-2019 12:10:09,28-03-2019 12:10:45,,,,,28-03-2019 12:10:48,28-03-2019 13:07:30,28-03-2019 13:07:34,28-03-2019 13:16:46,28-03-2019 13:16:46,28-03-2019 13:45:37,28-03-2019 13:29:15,28-03-2019 13:45:41,28-03-2019 13:45:46,28-03-2019 13:56:01,28-03-2019 13:56:01,28-03-2019 14:56:02,28-03-2019 15:13:44,28-03-2019 15:21:45,28-03-2019 15:21:48,28-03-2019 15:25:02,28-03-2019 15:25:02,,28-03-2019 22:05:19,28-03-2019 22:08:01,28-03-2019 22:10:08,28-03-2019 22:13:22
exploratory-run-1,exploratory-dye_6,5,6,1,6,11,472640,0.0,1.7606609248,10,60,constant-HS rc,60,1,0.0,0.0,0.0,0.0,0.0,0.0,0.0,4.0,0.0,0.0,0.0,0.0,0.0,1.0,0.0,0.0,0.0,0.0,0.0,0.0,0.0,0.0,0.0,3.99,0.0,0.0,0.0,0.0,0.0,0.97000027,0.0,0.0,,,28-03-2019 12:10:08,,28-03-2019 12:10:09,28-03-2019 12:10:45,,,,,28-03-2019 12:10:48,28-03-2019 13:07:30,28-03-2019 13:07:34,28-03-2019 13:16:46,28-03-2019 13:16:46,28-03-2019 13:45:37,28-03-2019 13:29:15,28-03-2019 13:45:41,28-03-2019 13:45:46,28-03-2019 13:56:01,28-03-2019 13:56:01,28-03-2019 14:56:02,28-03-2019 15:13:44,28-03-2019 15:21:45,28-03-2019 15:21:48,28-03-2019 15:25:02,28-03-2019 15:25:02,,28-03-2019 22:05:19,28-03-2019 22:08:01,28-03-2019 22:10:08,28-03-2019 22:13:22
exploratory-run-1,exploratory-dye_7,6,7,1,13,27,305266,0.0,0.80561316462,10,60,constant-HS rc,60,1,0.0,0.0,0.0,0.0,0.0,0.0,0.0,4.0,0.0,0.0,0.0,0.0,1.0,0.0,0.0,0.0,0.0,0.0,0.0,0.0,0.0,0.0,0.0,4.01,0.0,0.0,0.0,0.0,0.9899998,0.0,0.0,0.0,,,28-03-2019 12:10:08,,28-03-2019 12:10:09,28-03-2019 12:10:45,,,,,28-03-2019 12:10:48,28-03-2019 13:07:30,28-03-2019 13:07:34,28-03-2019 13:16:46,28-03-2019 13:16:46,28-03-2019 13:45:37,28-03-2019 13:29:15,28-03-2019 13:45:41,28-03-2019 13:45:46,28-03-2019 13:56:01,28-03-2019 13:56:01,28-03-2019 14:56:02,28-03-2019 15:13:44,28-03-2019 15:21:45,28-03-2019 15:21:48,28-03-2019 15:25:02,28-03-2019 15:25:02,,28-03-2019 22:05:19,28-03-2019 22:08:01,28-03-2019 22:10:08,28-03-2019 22:13:22
exploratory-run-1,exploratory-dye_8,7,8,1,14,17,328700,0.0,0.939329209,10,60,constant-HS rc,60,1,0.0,0.0,0.0,0.0,0.0,0.0,0.0,4.0,0.0,0.0,0.0,0.0,1.0,0.0,0.0,0.0,0.0,0.0,0.0,0.0,0.0,0.0,0.0,4.01,0.0,0.0,0.0,0.0,0.9800005,0.0,0.0,0.0,,,28-03-2019 12:10:08,,28-03-2019 12:10:09,28-03-2019 12:10:45,,,,,28-03-2019 12:10:48,28-03-2019 13:07:30,28-03-2019 13:07:34,28-03-2019 13:16:46,28-03-2019 13:16:46,28-03-2019 13:45:37,28-03-2019 13:29:15,28-03-2019 13:45:41,28-03-2019 13:45:46,28-03-2019 13:56:01,28-03-2019 13:56:01,28-03-2019 14:56:02,28-03-2019 15:13:44,28-03-2019 15:21:45,28-03-2019 15:21:48,28-03-2019 15:25:02,28-03-2019 15:25:02,,28-03-2019 22:05:19,28-03-2019 22:08:01,28-03-2019 22:10:08,28-03-2019 22:13:22
exploratory-run-1,exploratory-dye_9,8,9,1,17,45,465696,0.0,1.72103797472,10,60,constant-HS rc,60,1,0.0,0.0,0.0,0.0,0.0,0.0,0.0,4.0,0.0,0.0,0.0,1.0,0.0,0.0,0.0,0.0,0.0,0.0,0.0,0.0,0.0,0.0,0.0,4.01,0.0,0.0,0.0,0.97000027,0.0,0.0,0.0,0.0,,,28-03-2019 12:10:08,,28-03-2019 12:10:09,28-03-2019 12:10:45,,,,,28-03-2019 12:10:48,28-03-2019 13:07:30,28-03-2019 13:07:34,28-03-2019 13:16:46,28-03-2019 13:16:46,28-03-2019 13:45:37,28-03-2019 13:29:15,28-03-2019 13:45:41,28-03-2019 13:45:46,28-03-2019 13:56:01,28-03-2019 13:56:01,28-03-2019 14:56:02,28-03-2019 15:13:44,28-03-2019 15:21:45,28-03-2019 15:21:48,28-03-2019 15:25:02,28-03-2019 15:25:02,,28-03-2019 22:05:19,28-03-2019 22:08:01,28-03-2019 22:10:08,28-03-2019 22:13:22
exploratory-run-1,exploratory-dye_10,9,10,1,18,47,473690,0.0,1.7666522983000001,10,60,constant-HS rc,60,1,0.0,0.0,0.0,0.0,0.0,0.0,0.0,4.0,0.0,0.0,0.0,1.0,0.0,0.0,0.0,0.0,0.0,0.0,0.0,0.0,0.0,0.0,0.0,4.0,0.0,0.0,0.0,0.9800005,0.0,0.0,0.0,0.0,,,28-03-2019 12:10:08,,28-03-2019 12:10:09,28-03-2019 12:10:45,,,,,28-03-2019 12:10:48,28-03-2019 13:07:30,28-03-2019 13:07:34,28-03-2019 13:16:46,28-03-2019 13:16:46,28-03-2019 13:45:37,28-03-2019 13:29:15,28-03-2019 13:45:41,28-03-2019 13:45:46,28-03-2019 13:56:01,28-03-2019 13:56:01,28-03-2019 14:56:02,28-03-2019 15:13:44,28-03-2019 15:21:45,28-03-2019 15:21:48,28-03-2019 15:25:02,28-03-2019 15:25:02,,28-03-2019 22:05:19,28-03-2019 22:08:01,28-03-2019 22:10:08,28-03-2019 22:13:22
exploratory-run-1,exploratory-dye_11,10,11,1,25,76,471049,0.0,1.75158256743,10,60,constant-HS rc,60,1,0.0,0.0,0.0,0.0,0.0,0.0,0.0,2.5,0.0,0.0,2.5,0.0,0.0,0.0,0.0,0.0,0.0,0.0,0.0,0.0,0.0,0.0,0.0,2.5000005,0.0,0.0,2.5,0.0,0.0,0.0,0.0,0.0,,,28-03-2019 12:10:08,,28-03-2019 12:10:09,28-03-2019 12:10:45,,,,,28-03-2019 12:10:48,28-03-2019 13:07:30,28-03-2019 13:07:34,28-03-2019 13:16:46,28-03-2019 13:16:46,28-03-2019 13:45:37,28-03-2019 13:29:15,28-03-2019 13:45:41,28-03-2019 13:45:46,28-03-2019 13:56:01,28-03-2019 13:56:01,28-03-2019 14:56:02,28-03-2019 15:13:44,28-03-2019 15:21:45,28-03-2019 15:21:48,28-03-2019 15:25:02,28-03-2019 15:25:02,,28-03-2019 22:05:19,28-03-2019 22:08:01,28-03-2019 22:10:08,28-03-2019 22:13:22
exploratory-run-1,exploratory-dye_12,11,12,1,26,836,423579,0.0,1.4807154245299998,10,60,constant-HS rc,60,1,0.0,0.0,0.0,0.0,0.0,0.0,0.0,2.5,0.0,0.0,2.5,0.0,0.0,0.0,0.0,0.0,0.0,0.0,0.0,0.0,0.0,0.0,0.0,2.4999995,0.0,0.0,2.4700003,0.0,0.0,0.0,0.0,0.0,,,28-03-2019 12:10:08,,28-03-2019 12:10:09,28-03-2019 12:10:45,,,,,28-03-2019 12:10:48,28-03-2019 13:07:30,28-03-2019 13:07:34,28-03-2019 13:16:46,28-03-2019 13:16:46,28-03-2019 13:45:37,28-03-2019 13:29:15,28-03-2019 13:45:41,28-03-2019 13:45:46,28-03-2019 13:56:01,28-03-2019 13:56:01,28-03-2019 14:56:02,28-03-2019 15:13:44,28-03-2019 15:21:45,28-03-2019 15:21:48,28-03-2019 15:25:02,28-03-2019 15:25:02,,28-03-2019 22:05:19,28-03-2019 22:08:01,28-03-2019 22:10:08,28-03-2019 22:13:22
exploratory-run-1,exploratory-dye_13,12,13,1,27,8185,86021,0.17381018456375127,0.0,10,60,constant-HS rc,60,1,0.0,0.0,0.0,0.0,0.0,0.0,0.0,1.5,0.0,0.0,2.5,0.0,0.0,0.0,1.0,0.0,0.0,0.0,0.0,0.0,0.0,0.0,0.0,1.4900002,0.0,0.0,2.48,0.0,0.0,0.0,0.97999954,0.0,,,28-03-2019 12:10:08,,28-03-2019 12:10:09,28-03-2019 12:10:45,,,,,28-03-2019 12:10:48,28-03-2019 13:07:30,28-03-2019 13:07:34,28-03-2019 13:16:46,28-03-2019 13:16:46,28-03-2019 13:45:37,28-03-2019 13:29:15,28-03-2019 13:45:41,28-03-2019 13:45:46,28-03-2019 13:56:01,28-03-2019 13:56:01,28-03-2019 14:56:02,28-03-2019 15:13:44,28-03-2019 15:21:45,28-03-2019 15:21:48,28-03-2019 15:25:02,28-03-2019 15:25:02,,28-03-2019 22:05:19,28-03-2019 22:08:01,28-03-2019 22:10:08,28-03-2019 22:13:22
exploratory-run-1,exploratory-dye_14,13,14,1,28,7560,86986,0.17159428721672002,0.0,10,60,constant-HS rc,60,1,0.0,0.0,0.0,0.0,0.0,0.0,0.0,1.5,0.0,0.0,2.5,0.0,0.0,0.0,1.0,0.0,0.0,0.0,0.0,0.0,0.0,0.0,0.0,1.52,0.0,0.0,2.49,0.0,0.0,0.0,0.9899998,0.0,,,28-03-2019 12:10:08,,28-03-2019 12:10:09,28-03-2019 12:10:45,,,,,28-03-2019 12:10:48,28-03-2019 13:07:30,28-03-2019 13:07:34,28-03-2019 13:16:46,28-03-2019 13:16:46,28-03-2019 13:45:37,28-03-2019 13:29:15,28-03-2019 13:45:41,28-03-2019 13:45:46,28-03-2019 13:56:01,28-03-2019 13:56:01,28-03-2019 14:56:02,28-03-2019 15:13:44,28-03-2019 15:21:45,28-03-2019 15:21:48,28-03-2019 15:25:02,28-03-2019 15:25:02,,28-03-2019 22:05:19,28-03-2019 22:08:01,28-03-2019 22:10:08,28-03-2019 22:13:22
exploratory-run-1,exploratory-dye_15,14,15,1,29,98,372104,0.0,1.1869954712800002,10,60,constant-HS rc,60,1,0.0,0.0,0.0,0.0,0.0,0.0,0.0,1.5,0.0,0.0,2.5,0.0,0.0,1.0,0.0,0.0,0.0,0.0,0.0,0.0,0.0,0.0,0.0,1.5100002,0.0,0.0,2.4799998,0.0,0.0,1.0100002,0.0,0.0,,,28-03-2019 12:10:08,,28-03-2019 12:10:09,28-03-2019 12:10:45,,,,,28-03-2019 12:10:48,28-03-2019 13:07:30,28-03-2019 13:07:34,28-03-2019 13:16:46,28-03-2019 13:16:46,28-03-2019 13:45:37,28-03-2019 13:29:15,28-03-2019 13:45:41,28-03-2019 13:45:46,28-03-2019 13:56:01,28-03-2019 13:56:01,28-03-2019 14:56:02,28-03-2019 15:13:44,28-03-2019 15:21:45,28-03-2019 15:21:48,28-03-2019 15:25:02,28-03-2019 15:25:02,,28-03-2019 22:05:19,28-03-2019 22:08:01,28-03-2019 22:10:08,28-03-2019 22:13:22
exploratory-run-1,exploratory-dye_16,15,16,1,30,57,371770,0.0,1.1850896438999998,10,60,constant-HS rc,60,1,0.0,0.0,0.0,0.0,0.0,0.0,0.0,1.5,0.0,0.0,2.5,0.0,0.0,1.0,0.0,0.0,0.0,0.0,0.0,0.0,0.0,0.0,0.0,1.5,0.0,0.0,2.4899998,0.0,0.0,0.97000027,0.0,0.0,,,28-03-2019 12:10:08,,28-03-2019 12:10:09,28-03-2019 12:10:45,,,,,28-03-2019 12:10:48,28-03-2019 13:07:30,28-03-2019 13:07:34,28-03-2019 13:16:46,28-03-2019 13:16:46,28-03-2019 13:45:37,28-03-2019 13:29:15,28-03-2019 13:45:41,28-03-2019 13:45:46,28-03-2019 13:56:01,28-03-2019 13:56:01,28-03-2019 14:56:02,28-03-2019 15:13:44,28-03-2019 15:21:45,28-03-2019 15:21:48,28-03-2019 15:25:02,28-03-2019 15:25:02,,28-03-2019 22:05:19,28-03-2019 22:08:01,28-03-2019 22:10:08,28-03-2019 22:13:22
exploratory-run-10,exploratory-run-10_1,0,1,1,1,64600,138520,0.403322768482,0.0,10,60,constant-HS rc,60,1,0.0,0.0,0.0,0.0,0.0,5.0,0.0,1.5,0.0,2.5,0.0,0.0,0.0,0.0,1.0,0.0,0.0,0.0,0.0,0.0,0.0,5.08,0.0,1.49,0.0,2.5,0.0,0.0,0.0,0.0,1.0299997,0.0,,,29-03-2019 10:39:43,,29-03-2019 10:48:14,29-03-2019 10:50:36,29-03-2019 10:51:17,29-03-2019 10:55:28,29-03-2019 11:09:04,29-03-2019 11:13:18,29-03-2019 11:18:28,29-03-2019 11:50:19,29-03-2019 11:50:23,29-03-2019 11:56:05,29-03-2019 11:56:05,29-03-2019 12:15:17,29-03-2019 12:06:06,29-03-2019 12:15:20,29-03-2019 12:15:24,29-03-2019 12:20:57,29-03-2019 12:20:58,29-03-2019 13:20:59,29-03-2019 15:12:37,29-03-2019 15:17:22,29-03-2019 18:14:31,29-03-2019 18:15:22,29-03-2019 18:15:22,29-03-2019 22:43:19,,,30-03-2019 13:06:37,30-03-2019 13:09:06
exploratory-run-10,exploratory-run-10_2,1,2,1,2,65850,159152,0.409068860235125,0.0,10,60,constant-HS rc,60,1,0.0,0.0,0.0,0.0,0.0,5.0,0.0,1.5,0.0,2.5,0.0,0.0,0.0,0.0,1.0,0.0,0.0,0.0,0.0,0.0,0.0,5.13,0.0,1.5199997,0.0,2.5,0.0,0.0,0.0,0.0,0.9999995,0.0,,,29-03-2019 10:39:43,,29-03-2019 10:48:14,29-03-2019 10:50:36,29-03-2019 10:51:17,29-03-2019 10:55:28,29-03-2019 11:09:04,29-03-2019 11:13:18,29-03-2019 11:18:28,29-03-2019 11:50:19,29-03-2019 11:50:23,29-03-2019 11:56:05,29-03-2019 11:56:05,29-03-2019 12:15:17,29-03-2019 12:06:06,29-03-2019 12:15:20,29-03-2019 12:15:24,29-03-2019 12:20:57,29-03-2019 12:20:58,29-03-2019 13:20:59,29-03-2019 15:12:37,29-03-2019 15:17:22,29-03-2019 18:14:31,29-03-2019 18:15:22,29-03-2019 18:15:22,29-03-2019 22:43:19,,,30-03-2019 13:06:37,30-03-2019 13:09:06
exploratory-run-10,exploratory-run-10_3,2,3,1,3,11949,290470,0.18730663629713645,0.7211861529000001,10,60,constant-HS rc,60,1,0.0,0.0,0.0,0.0,0.0,5.0,0.0,1.5,0.0,2.5,0.0,0.0,0.0,1.0,0.0,0.0,0.0,0.0,0.0,0.0,0.0,5.0,0.0,1.49,0.0,2.46,0.0,0.0,0.0,0.9699998,0.0,0.0,,,29-03-2019 10:39:43,,29-03-2019 10:48:14,29-03-2019 10:50:36,29-03-2019 10:51:17,29-03-2019 10:55:28,29-03-2019 11:09:04,29-03-2019 11:13:18,29-03-2019 11:18:28,29-03-2019 11:50:19,29-03-2019 11:50:23,29-03-2019 11:56:05,29-03-2019 11:56:05,29-03-2019 12:15:17,29-03-2019 12:06:06,29-03-2019 12:15:20,29-03-2019 12:15:24,29-03-2019 12:20:57,29-03-2019 12:20:58,29-03-2019 13:20:59,29-03-2019 15:12:37,29-03-2019 15:17:22,29-03-2019 18:14:31,29-03-2019 18:15:22,29-03-2019 18:15:22,29-03-2019 22:43:19,,,30-03-2019 13:06:37,30-03-2019 13:09:06
exploratory-run-10,exploratory-run-10_4,3,4,1,4,10081,320752,0.18057614470007846,0.89397736464,10,60,constant-HS rc,60,1,0.0,0.0,0.0,0.0,0.0,5.0,0.0,1.5,0.0,2.5,0.0,0.0,0.0,1.0,0.0,0.0,0.0,0.0,0.0,0.0,0.0,4.965,0.0,1.5100002,0.0,2.51,0.0,0.0,0.0,1.0000005,0.0,0.0,,,29-03-2019 10:39:43,,29-03-2019 10:48:14,29-03-2019 10:50:36,29-03-2019 10:51:17,29-03-2019 10:55:28,29-03-2019 11:09:04,29-03-2019 11:13:18,29-03-2019 11:18:28,29-03-2019 11:50:19,29-03-2019 11:50:23,29-03-2019 11:56:05,29-03-2019 11:56:05,29-03-2019 12:15:17,29-03-2019 12:06:06,29-03-2019 12:15:20,29-03-2019 12:15:24,29-03-2019 12:20:57,29-03-2019 12:20:58,29-03-2019 13:20:59,29-03-2019 15:12:37,29-03-2019 15:17:22,29-03-2019 18:14:31,29-03-2019 18:15:22,29-03-2019 18:15:22,29-03-2019 22:43:19,,,30-03-2019 13:06:37,30-03-2019 13:09:06
exploratory-run-10,exploratory-run-10_5,4,5,1,5,40287,150445,0.29725605529332005,0.0,10,60,constant-HS rc,60,1,0.0,0.0,0.0,0.0,0.0,5.0,0.0,1.5,0.0,2.5,0.0,0.0,1.0,0.0,0.0,0.0,0.0,0.0,0.0,0.0,0.0,4.98,0.0,1.5199997,0.0,2.5100002,0.0,0.0,0.97999954,0.0,0.0,0.0,,,29-03-2019 10:39:43,,29-03-2019 10:48:14,29-03-2019 10:50:36,29-03-2019 10:51:17,29-03-2019 10:55:28,29-03-2019 11:09:04,29-03-2019 11:13:18,29-03-2019 11:18:28,29-03-2019 11:50:19,29-03-2019 11:50:23,29-03-2019 11:56:05,29-03-2019 11:56:05,29-03-2019 12:15:17,29-03-2019 12:06:06,29-03-2019 12:15:20,29-03-2019 12:15:24,29-03-2019 12:20:57,29-03-2019 12:20:58,29-03-2019 13:20:59,29-03-2019 15:12:37,29-03-2019 15:17:22,29-03-2019 18:14:31,29-03-2019 18:15:22,29-03-2019 18:15:22,29-03-2019 22:43:19,,,30-03-2019 13:06:37,30-03-2019 13:09:06
exploratory-run-10,exploratory-run-10_6,5,6,1,6,45554,198021,0.3193140787171682,0.19366568747000001,10,60,constant-HS rc,60,1,0.0,0.0,0.0,0.0,0.0,5.0,0.0,1.5,0.0,2.5,0.0,0.0,1.0,0.0,0.0,0.0,0.0,0.0,0.0,0.0,0.0,4.965,0.0,1.48,0.0,2.49,0.0,0.0,0.98,0.0,0.0,0.0,,,29-03-2019 10:39:43,,29-03-2019 10:48:14,29-03-2019 10:50:36,29-03-2019 10:51:17,29-03-2019 10:55:28,29-03-2019 11:09:04,29-03-2019 11:13:18,29-03-2019 11:18:28,29-03-2019 11:50:19,29-03-2019 11:50:23,29-03-2019 11:56:05,29-03-2019 11:56:05,29-03-2019 12:15:17,29-03-2019 12:06:06,29-03-2019 12:15:20,29-03-2019 12:15:24,29-03-2019 12:20:57,29-03-2019 12:20:58,29-03-2019 13:20:59,29-03-2019 15:12:37,29-03-2019 15:17:22,29-03-2019 18:14:31,29-03-2019 18:15:22,29-03-2019 18:15:22,29-03-2019 22:43:19,,,30-03-2019 13:06:37,30-03-2019 13:09:06
exploratory-run-10,exploratory-run-10_7,6,7,1,13,38815,236269,0.29118229694825126,0.4119114528300001,10,60,constant-HS rc,60,1,0.0,0.0,0.0,0.0,0.0,5.0,0.0,1.5,0.0,2.5,0.0,1.0,0.0,0.0,0.0,0.0,0.0,0.0,0.0,0.0,0.0,4.95,0.0,1.5099998,0.0,2.4900002,0.0,0.97000027,0.0,0.0,0.0,0.0,,,29-03-2019 10:39:43,,29-03-2019 10:48:14,29-03-2019 10:50:36,29-03-2019 10:51:17,29-03-2019 10:55:28,29-03-2019 11:09:04,29-03-2019 11:13:18,29-03-2019 11:18:28,29-03-2019 11:50:19,29-03-2019 11:50:23,29-03-2019 11:56:05,29-03-2019 11:56:05,29-03-2019 12:15:17,29-03-2019 12:06:06,29-03-2019 12:15:20,29-03-2019 12:15:24,29-03-2019 12:20:57,29-03-2019 12:20:58,29-03-2019 13:20:59,29-03-2019 15:12:37,29-03-2019 15:17:22,29-03-2019 18:14:31,29-03-2019 18:15:22,29-03-2019 18:15:22,29-03-2019 22:43:19,,,30-03-2019 13:06:37,30-03-2019 13:09:06
exploratory-run-10,exploratory-run-10_8,7,8,1,14,37309,287025,0.28500935830751245,0.70152874175,10,60,constant-HS rc,60,1,0.0,0.0,0.0,0.0,0.0,5.0,0.0,1.5,0.0,2.5,0.0,1.0,0.0,0.0,0.0,0.0,0.0,0.0,0.0,0.0,0.0,5.105,0.0,1.4999998,0.0,2.48,0.0,0.96000004,0.0,0.0,0.0,0.0,,,29-03-2019 10:39:43,,29-03-2019 10:48:14,29-03-2019 10:50:36,29-03-2019 10:51:17,29-03-2019 10:55:28,29-03-2019 11:09:04,29-03-2019 11:13:18,29-03-2019 11:18:28,29-03-2019 11:50:19,29-03-2019 11:50:23,29-03-2019 11:56:05,29-03-2019 11:56:05,29-03-2019 12:15:17,29-03-2019 12:06:06,29-03-2019 12:15:20,29-03-2019 12:15:24,29-03-2019 12:20:57,29-03-2019 12:20:58,29-03-2019 13:20:59,29-03-2019 15:12:37,29-03-2019 15:17:22,29-03-2019 18:14:31,29-03-2019 18:15:22,29-03-2019 18:15:22,29-03-2019 22:43:19,,,30-03-2019 13:06:37,30-03-2019 13:09:06
exploratory-run-2,exploratory-run-2_1,0,1,1,1,12864,88881,0.1906267660654592,0.0,10,60,constant-HS rc,60,1,0.0,0.0,0.0,0.0,0.0,0.0,0.0,1.5,0.0,0.0,2.5,0.0,1.0,0.0,0.0,0.0,0.0,0.0,0.0,0.0,0.0,0.0,0.0,1.5,0.0,0.0,2.5,0.0,0.9899998,0.0,0.0,0.0,,,28-03-2019 12:11:47,,28-03-2019 13:16:49,28-03-2019 13:19:27,28-03-2019 13:22:15,28-03-2019 13:29:11,28-03-2019 14:05:32,28-03-2019 14:12:05,28-03-2019 14:17:09,28-03-2019 15:13:40,28-03-2019 15:25:25,28-03-2019 15:34:42,28-03-2019 15:34:42,28-03-2019 16:06:41,28-03-2019 15:50:18,28-03-2019 16:06:45,28-03-2019 16:06:49,28-03-2019 16:15:36,28-03-2019 16:15:36,28-03-2019 17:15:37,28-03-2019 17:23:00,28-03-2019 17:30:29,28-03-2019 22:08:22,28-03-2019 22:09:13,28-03-2019 22:09:13,29-03-2019 04:05:39,,,29-03-2019 04:14:09,29-03-2019 04:17:24
exploratory-run-2,exploratory-run-2_2,1,2,1,2,11129,85827,0.18434426056399444,0.0,10,60,constant-HS rc,60,1,0.0,0.0,0.0,0.0,0.0,0.0,0.0,1.5,0.0,0.0,2.5,0.0,1.0,0.0,0.0,0.0,0.0,0.0,0.0,0.0,0.0,0.0,0.0,1.4900002,0.0,0.0,2.4899998,0.0,1.0,0.0,0.0,0.0,,,28-03-2019 12:11:47,,28-03-2019 13:16:49,28-03-2019 13:19:27,28-03-2019 13:22:15,28-03-2019 13:29:11,28-03-2019 14:05:32,28-03-2019 14:12:05,28-03-2019 14:17:09,28-03-2019 15:13:40,28-03-2019 15:25:25,28-03-2019 15:34:42,28-03-2019 15:34:42,28-03-2019 16:06:41,28-03-2019 15:50:18,28-03-2019 16:06:45,28-03-2019 16:06:49,28-03-2019 16:15:36,28-03-2019 16:15:36,28-03-2019 17:15:37,28-03-2019 17:23:00,28-03-2019 17:30:29,28-03-2019 22:08:22,28-03-2019 22:09:13,28-03-2019 22:09:13,29-03-2019 04:05:39,,,29-03-2019 04:14:09,29-03-2019 04:17:24
exploratory-run-2,exploratory-run-2_3,2,3,1,3,337,102246,0.0,0.0,10,60,constant-HS rc,60,1,0.0,0.0,0.0,0.0,0.0,0.0,0.0,1.5,0.0,0.0,2.5,1.0,0.0,0.0,0.0,0.0,0.0,0.0,0.0,0.0,0.0,0.0,0.0,1.5,0.0,0.0,2.4899998,0.9800005,0.0,0.0,0.0,0.0,,,28-03-2019 12:11:47,,28-03-2019 13:16:49,28-03-2019 13:19:27,28-03-2019 13:22:15,28-03-2019 13:29:11,28-03-2019 14:05:32,28-03-2019 14:12:05,28-03-2019 14:17:09,28-03-2019 15:13:40,28-03-2019 15:25:25,28-03-2019 15:34:42,28-03-2019 15:34:42,28-03-2019 16:06:41,28-03-2019 15:50:18,28-03-2019 16:06:45,28-03-2019 16:06:49,28-03-2019 16:15:36,28-03-2019 16:15:36,28-03-2019 17:15:37,28-03-2019 17:23:00,28-03-2019 17:30:29,28-03-2019 22:08:22,28-03-2019 22:09:13,28-03-2019 22:09:13,29-03-2019 04:05:39,,,29-03-2019 04:14:09,29-03-2019 04:17:24
exploratory-run-2,exploratory-run-2_4,3,4,1,4,213,112453,0.0,0.0,10,60,constant-HS rc,60,1,0.0,0.0,0.0,0.0,0.0,0.0,0.0,1.5,0.0,0.0,2.5,1.0,0.0,0.0,0.0,0.0,0.0,0.0,0.0,0.0,0.0,0.0,0.0,1.5,0.0,0.0,2.5299997,0.9900007,0.0,0.0,0.0,0.0,,,28-03-2019 12:11:47,,28-03-2019 13:16:49,28-03-2019 13:19:27,28-03-2019 13:22:15,28-03-2019 13:29:11,28-03-2019 14:05:32,28-03-2019 14:12:05,28-03-2019 14:17:09,28-03-2019 15:13:40,28-03-2019 15:25:25,28-03-2019 15:34:42,28-03-2019 15:34:42,28-03-2019 16:06:41,28-03-2019 15:50:18,28-03-2019 16:06:45,28-03-2019 16:06:49,28-03-2019 16:15:36,28-03-2019 16:15:36,28-03-2019 17:15:37,28-03-2019 17:23:00,28-03-2019 17:30:29,28-03-2019 22:08:22,28-03-2019 22:09:13,28-03-2019 22:09:13,29-03-2019 04:05:39,,,29-03-2019 04:14:09,29-03-2019 04:17:24
exploratory-run-2,exploratory-run-2_5,4,5,1,5,27,251585,0.0,0.49930562095,10,60,constant-HS rc,60,1,0.0,0.0,0.0,0.0,0.0,0.0,0.0,2.5,0.0,2.5,0.0,0.0,0.0,0.0,0.0,0.0,0.0,0.0,0.0,0.0,0.0,0.0,0.0,2.5,0.0,2.4599998,0.0,0.0,0.0,0.0,0.0,0.0,,,28-03-2019 12:11:47,,28-03-2019 13:16:49,28-03-2019 13:19:27,28-03-2019 13:22:15,28-03-2019 13:29:11,28-03-2019 14:05:32,28-03-2019 14:12:05,28-03-2019 14:17:09,28-03-2019 15:13:40,28-03-2019 15:25:25,28-03-2019 15:34:42,28-03-2019 15:34:42,28-03-2019 16:06:41,28-03-2019 15:50:18,28-03-2019 16:06:45,28-03-2019 16:06:49,28-03-2019 16:15:36,28-03-2019 16:15:36,28-03-2019 17:15:37,28-03-2019 17:23:00,28-03-2019 17:30:29,28-03-2019 22:08:22,28-03-2019 22:09:13,28-03-2019 22:09:13,29-03-2019 04:05:39,,,29-03-2019 04:14:09,29-03-2019 04:17:24
exploratory-run-2,exploratory-run-2_6,5,6,1,6,34,319597,0.0,0.88738685379,10,60,constant-HS rc,60,1,0.0,0.0,0.0,0.0,0.0,0.0,0.0,2.5,0.0,2.5,0.0,0.0,0.0,0.0,0.0,0.0,0.0,0.0,0.0,0.0,0.0,0.0,0.0,2.4900002,0.0,2.49,0.0,0.0,0.0,0.0,0.0,0.0,,,28-03-2019 12:11:47,,28-03-2019 13:16:49,28-03-2019 13:19:27,28-03-2019 13:22:15,28-03-2019 13:29:11,28-03-2019 14:05:32,28-03-2019 14:12:05,28-03-2019 14:17:09,28-03-2019 15:13:40,28-03-2019 15:25:25,28-03-2019 15:34:42,28-03-2019 15:34:42,28-03-2019 16:06:41,28-03-2019 15:50:18,28-03-2019 16:06:45,28-03-2019 16:06:49,28-03-2019 16:15:36,28-03-2019 16:15:36,28-03-2019 17:15:37,28-03-2019 17:23:00,28-03-2019 17:30:29,28-03-2019 22:08:22,28-03-2019 22:09:13,28-03-2019 22:09:13,29-03-2019 04:05:39,,,29-03-2019 04:14:09,29-03-2019 04:17:24
exploratory-run-2,exploratory-run-2_7,6,7,1,13,66,127145,0.0,0.0,10,60,constant-HS rc,60,1,0.0,0.0,0.0,0.0,0.0,0.0,0.0,1.5,0.0,2.5,0.0,0.0,0.0,0.0,1.0,0.0,0.0,0.0,0.0,0.0,0.0,0.0,0.0,1.4899998,0.0,2.47,0.0,0.0,0.0,0.0,0.9899998,0.0,,,28-03-2019 12:11:47,,28-03-2019 13:16:49,28-03-2019 13:19:27,28-03-2019 13:22:15,28-03-2019 13:29:11,28-03-2019 14:05:32,28-03-2019 14:12:05,28-03-2019 14:17:09,28-03-2019 15:13:40,28-03-2019 15:25:25,28-03-2019 15:34:42,28-03-2019 15:34:42,28-03-2019 16:06:41,28-03-2019 15:50:18,28-03-2019 16:06:45,28-03-2019 16:06:49,28-03-2019 16:15:36,28-03-2019 16:15:36,28-03-2019 17:15:37,28-03-2019 17:23:00,28-03-2019 17:30:29,28-03-2019 22:08:22,28-03-2019 22:09:13,28-03-2019 22:09:13,29-03-2019 04:05:39,,,29-03-2019 04:14:09,29-03-2019 04:17:24
exploratory-run-2,exploratory-run-2_8,7,8,1,14,23,143990,0.0,0.0,10,60,constant-HS rc,60,1,0.0,0.0,0.0,0.0,0.0,0.0,0.0,1.5,0.0,2.5,0.0,0.0,0.0,0.0,1.0,0.0,0.0,0.0,0.0,0.0,0.0,0.0,0.0,1.52,0.0,2.5000002,0.0,0.0,0.0,0.0,1.0199995,0.0,,,28-03-2019 12:11:47,,28-03-2019 13:16:49,28-03-2019 13:19:27,28-03-2019 13:22:15,28-03-2019 13:29:11,28-03-2019 14:05:32,28-03-2019 14:12:05,28-03-2019 14:17:09,28-03-2019 15:13:40,28-03-2019 15:25:25,28-03-2019 15:34:42,28-03-2019 15:34:42,28-03-2019 16:06:41,28-03-2019 15:50:18,28-03-2019 16:06:45,28-03-2019 16:06:49,28-03-2019 16:15:36,28-03-2019 16:15:36,28-03-2019 17:15:37,28-03-2019 17:23:00,28-03-2019 17:30:29,28-03-2019 22:08:22,28-03-2019 22:09:13,28-03-2019 22:09:13,29-03-2019 04:05:39,,,29-03-2019 04:14:09,29-03-2019 04:17:24
exploratory-run-2,exploratory-run-2_9,8,9,1,17,29,231138,0.0,0.3826336076600001,10,60,constant-HS rc,60,1,0.0,0.0,0.0,0.0,0.0,0.0,0.0,1.5,0.0,2.5,0.0,0.0,0.0,1.0,0.0,0.0,0.0,0.0,0.0,0.0,0.0,0.0,0.0,1.5099998,0.0,2.5,0.0,0.0,0.0,0.97999954,0.0,0.0,,,28-03-2019 12:11:47,,28-03-2019 13:16:49,28-03-2019 13:19:27,28-03-2019 13:22:15,28-03-2019 13:29:11,28-03-2019 14:05:32,28-03-2019 14:12:05,28-03-2019 14:17:09,28-03-2019 15:13:40,28-03-2019 15:25:25,28-03-2019 15:34:42,28-03-2019 15:34:42,28-03-2019 16:06:41,28-03-2019 15:50:18,28-03-2019 16:06:45,28-03-2019 16:06:49,28-03-2019 16:15:36,28-03-2019 16:15:36,28-03-2019 17:15:37,28-03-2019 17:23:00,28-03-2019 17:30:29,28-03-2019 22:08:22,28-03-2019 22:09:13,28-03-2019 22:09:13,29-03-2019 04:05:39,,,29-03-2019 04:14:09,29-03-2019 04:17:24
exploratory-run-2,exploratory-run-2_10,9,10,1,18,31,249668,0.0,0.4883670847599999,10,60,constant-HS rc,60,1,0.0,0.0,0.0,0.0,0.0,0.0,0.0,1.5,0.0,2.5,0.0,0.0,0.0,1.0,0.0,0.0,0.0,0.0,0.0,0.0,0.0,0.0,0.0,1.5,0.0,2.5100002,0.0,0.0,0.0,1.0,0.0,0.0,,,28-03-2019 12:11:47,,28-03-2019 13:16:49,28-03-2019 13:19:27,28-03-2019 13:22:15,28-03-2019 13:29:11,28-03-2019 14:05:32,28-03-2019 14:12:05,28-03-2019 14:17:09,28-03-2019 15:13:40,28-03-2019 15:25:25,28-03-2019 15:34:42,28-03-2019 15:34:42,28-03-2019 16:06:41,28-03-2019 15:50:18,28-03-2019 16:06:45,28-03-2019 16:06:49,28-03-2019 16:15:36,28-03-2019 16:15:36,28-03-2019 17:15:37,28-03-2019 17:23:00,28-03-2019 17:30:29,28-03-2019 22:08:22,28-03-2019 22:09:13,28-03-2019 22:09:13,29-03-2019 04:05:39,,,29-03-2019 04:14:09,29-03-2019 04:17:24
exploratory-run-2,exploratory-run-2_11,10,11,1,25,39,163381,0.0,0.0,10,60,constant-HS rc,60,1,0.0,0.0,0.0,0.0,0.0,0.0,0.0,1.5,0.0,2.5,0.0,0.0,1.0,0.0,0.0,0.0,0.0,0.0,0.0,0.0,0.0,0.0,0.0,1.48,0.0,2.4999998,0.0,0.0,1.0699997,0.0,0.0,0.0,,,28-03-2019 12:11:47,,28-03-2019 13:16:49,28-03-2019 13:19:27,28-03-2019 13:22:15,28-03-2019 13:29:11,28-03-2019 14:05:32,28-03-2019 14:12:05,28-03-2019 14:17:09,28-03-2019 15:13:40,28-03-2019 15:25:25,28-03-2019 15:34:42,28-03-2019 15:34:42,28-03-2019 16:06:41,28-03-2019 15:50:18,28-03-2019 16:06:45,28-03-2019 16:06:49,28-03-2019 16:15:36,28-03-2019 16:15:36,28-03-2019 17:15:37,28-03-2019 17:23:00,28-03-2019 17:30:29,28-03-2019 22:08:22,28-03-2019 22:09:13,28-03-2019 22:09:13,29-03-2019 04:05:39,,,29-03-2019 04:14:09,29-03-2019 04:17:24
exploratory-run-2,exploratory-run-2_12,11,12,1,26,26,165603,0.0,0.008686310209999992,10,60,constant-HS rc,60,1,0.0,0.0,0.0,0.0,0.0,0.0,0.0,1.5,0.0,2.5,0.0,0.0,1.0,0.0,0.0,0.0,0.0,0.0,0.0,0.0,0.0,0.0,0.0,1.5099998,0.0,2.48,0.0,0.0,0.9899998,0.0,0.0,0.0,,,28-03-2019 12:11:47,,28-03-2019 13:16:49,28-03-2019 13:19:27,28-03-2019 13:22:15,28-03-2019 13:29:11,28-03-2019 14:05:32,28-03-2019 14:12:05,28-03-2019 14:17:09,28-03-2019 15:13:40,28-03-2019 15:25:25,28-03-2019 15:34:42,28-03-2019 15:34:42,28-03-2019 16:06:41,28-03-2019 15:50:18,28-03-2019 16:06:45,28-03-2019 16:06:49,28-03-2019 16:15:36,28-03-2019 16:15:36,28-03-2019 17:15:37,28-03-2019 17:23:00,28-03-2019 17:30:29,28-03-2019 22:08:22,28-03-2019 22:09:13,28-03-2019 22:09:13,29-03-2019 04:05:39,,,29-03-2019 04:14:09,29-03-2019 04:17:24
exploratory-run-2,exploratory-run-2_13,12,13,1,27,43,183695,0.0,0.11192052865000002,10,60,constant-HS rc,60,1,0.0,0.0,0.0,0.0,0.0,0.0,0.0,1.5,0.0,2.5,0.0,1.0,0.0,0.0,0.0,0.0,0.0,0.0,0.0,0.0,0.0,0.0,0.0,1.5,0.0,2.4800003,0.0,0.9900007,0.0,0.0,0.0,0.0,,,28-03-2019 12:11:47,,28-03-2019 13:16:49,28-03-2019 13:19:27,28-03-2019 13:22:15,28-03-2019 13:29:11,28-03-2019 14:05:32,28-03-2019 14:12:05,28-03-2019 14:17:09,28-03-2019 15:13:40,28-03-2019 15:25:25,28-03-2019 15:34:42,28-03-2019 15:34:42,28-03-2019 16:06:41,28-03-2019 15:50:18,28-03-2019 16:06:45,28-03-2019 16:06:49,28-03-2019 16:15:36,28-03-2019 16:15:36,28-03-2019 17:15:37,28-03-2019 17:23:00,28-03-2019 17:30:29,28-03-2019 22:08:22,28-03-2019 22:09:13,28-03-2019 22:09:13,29-03-2019 04:05:39,,,29-03-2019 04:14:09,29-03-2019 04:17:24
exploratory-run-2,exploratory-run-2_14,13,14,1,28,67,191773,0.0,0.15801416210999997,10,60,constant-HS rc,60,1,0.0,0.0,0.0,0.0,0.0,0.0,0.0,1.5,0.0,2.5,0.0,1.0,0.0,0.0,0.0,0.0,0.0,0.0,0.0,0.0,0.0,0.0,0.0,1.52,0.0,2.4900002,0.0,0.97999954,0.0,0.0,0.0,0.0,,,28-03-2019 12:11:47,,28-03-2019 13:16:49,28-03-2019 13:19:27,28-03-2019 13:22:15,28-03-2019 13:29:11,28-03-2019 14:05:32,28-03-2019 14:12:05,28-03-2019 14:17:09,28-03-2019 15:13:40,28-03-2019 15:25:25,28-03-2019 15:34:42,28-03-2019 15:34:42,28-03-2019 16:06:41,28-03-2019 15:50:18,28-03-2019 16:06:45,28-03-2019 16:06:49,28-03-2019 16:15:36,28-03-2019 16:15:36,28-03-2019 17:15:37,28-03-2019 17:23:00,28-03-2019 17:30:29,28-03-2019 22:08:22,28-03-2019 22:09:13,28-03-2019 22:09:13,29-03-2019 04:05:39,,,29-03-2019 04:14:09,29-03-2019 04:17:24
exploratory-run-2,exploratory-run-2_15,14,15,1,29,11,263700,0.0,0.568434659,10,60,constant-HS rc,60,1,5.0,0.0,0.0,0.0,0.0,0.0,0.0,5.0,0.0,0.0,0.0,0.0,0.0,0.0,0.0,0.0,4.955,0.0,0.0,0.0,0.0,0.0,0.0,5.0,0.0,0.0,0.0,0.0,0.0,0.0,0.0,0.0,,,28-03-2019 12:11:47,,28-03-2019 13:16:49,28-03-2019 13:19:27,28-03-2019 13:22:15,28-03-2019 13:29:11,28-03-2019 14:05:32,28-03-2019 14:12:05,28-03-2019 14:17:09,28-03-2019 15:13:40,28-03-2019 15:25:25,28-03-2019 15:34:42,28-03-2019 15:34:42,28-03-2019 16:06:41,28-03-2019 15:50:18,28-03-2019 16:06:45,28-03-2019 16:06:49,28-03-2019 16:15:36,28-03-2019 16:15:36,28-03-2019 17:15:37,28-03-2019 17:23:00,28-03-2019 17:30:29,28-03-2019 22:08:22,28-03-2019 22:09:13,28-03-2019 22:09:13,29-03-2019 04:05:39,,,29-03-2019 04:14:09,29-03-2019 04:17:24
exploratory-run-2,exploratory-run-2_16,15,16,1,30,13,261944,0.0,0.55841480008,10,60,constant-HS rc,60,1,5.0,0.0,0.0,0.0,0.0,0.0,0.0,5.0,0.0,0.0,0.0,0.0,0.0,0.0,0.0,0.0,4.965,0.0,0.0,0.0,0.0,0.0,0.0,5.0,0.0,0.0,0.0,0.0,0.0,0.0,0.0,0.0,,,28-03-2019 12:11:47,,28-03-2019 13:16:49,28-03-2019 13:19:27,28-03-2019 13:22:15,28-03-2019 13:29:11,28-03-2019 14:05:32,28-03-2019 14:12:05,28-03-2019 14:17:09,28-03-2019 15:13:40,28-03-2019 15:25:25,28-03-2019 15:34:42,28-03-2019 15:34:42,28-03-2019 16:06:41,28-03-2019 15:50:18,28-03-2019 16:06:45,28-03-2019 16:06:49,28-03-2019 16:15:36,28-03-2019 16:15:36,28-03-2019 17:15:37,28-03-2019 17:23:00,28-03-2019 17:30:29,28-03-2019 22:08:22,28-03-2019 22:09:13,28-03-2019 22:09:13,29-03-2019 04:05:39,,,29-03-2019 04:14:09,29-03-2019 04:17:24
exploratory-run-3,exploratory-run-3_1,0,1,1,37,37,211193,0.0,0.2688260415099999,10,60,constant-HS rc,60,1,5.0,0.0,0.0,0.0,0.0,0.0,0.0,4.0,0.0,0.0,0.0,0.0,0.0,0.0,1.0,0.0,4.93,0.0,0.0,0.0,0.0,0.0,0.0,4.0,0.0,0.0,0.0,0.0,0.0,0.0,1.0,0.0,,,28-03-2019 12:11:48,,28-03-2019 13:19:30,28-03-2019 13:20:07,28-03-2019 14:12:08,28-03-2019 14:17:06,28-03-2019 15:38:35,28-03-2019 15:45:07,28-03-2019 16:15:39,28-03-2019 17:12:05,28-03-2019 17:12:09,28-03-2019 17:22:56,28-03-2019 17:22:56,28-03-2019 18:12:00,28-03-2019 17:55:47,28-03-2019 18:12:04,28-03-2019 18:12:08,28-03-2019 18:21:04,28-03-2019 18:21:05,28-03-2019 19:21:06,28-03-2019 19:29:49,28-03-2019 21:08:32,28-03-2019 22:08:22,28-03-2019 22:09:46,28-03-2019 22:09:46,29-03-2019 04:05:39,29-03-2019 04:07:40,29-03-2019 04:11:31,29-03-2019 04:18:07,29-03-2019 04:18:46
exploratory-run-3,exploratory-run-3_2,1,2,1,38,76,158677,0.0,0.0,10,60,constant-HS rc,60,1,5.0,0.0,0.0,0.0,0.0,0.0,0.0,4.0,0.0,0.0,0.0,0.0,0.0,0.0,1.0,0.0,5.025,0.0,0.0,0.0,0.0,0.0,0.0,3.99,0.0,0.0,0.0,0.0,0.0,0.0,0.9899998,0.0,,,28-03-2019 12:11:48,,28-03-2019 13:19:30,28-03-2019 13:20:07,28-03-2019 14:12:08,28-03-2019 14:17:06,28-03-2019 15:38:35,28-03-2019 15:45:07,28-03-2019 16:15:39,28-03-2019 17:12:05,28-03-2019 17:12:09,28-03-2019 17:22:56,28-03-2019 17:22:56,28-03-2019 18:12:00,28-03-2019 17:55:47,28-03-2019 18:12:04,28-03-2019 18:12:08,28-03-2019 18:21:04,28-03-2019 18:21:05,28-03-2019 19:21:06,28-03-2019 19:29:49,28-03-2019 21:08:32,28-03-2019 22:08:22,28-03-2019 22:09:46,28-03-2019 22:09:46,29-03-2019 04:05:39,29-03-2019 04:07:40,29-03-2019 04:11:31,29-03-2019 04:18:07,29-03-2019 04:18:46
exploratory-run-3,exploratory-run-3_3,2,3,1,39,22,252219,0.0,0.5029232693300001,10,60,constant-HS rc,60,1,5.0,0.0,0.0,0.0,0.0,0.0,0.0,4.0,0.0,0.0,0.0,0.0,0.0,1.0,0.0,0.0,5.015,0.0,0.0,0.0,0.0,0.0,0.0,4.0,0.0,0.0,0.0,0.0,0.0,1.0200005,0.0,0.0,,,28-03-2019 12:11:48,,28-03-2019 13:19:30,28-03-2019 13:20:07,28-03-2019 14:12:08,28-03-2019 14:17:06,28-03-2019 15:38:35,28-03-2019 15:45:07,28-03-2019 16:15:39,28-03-2019 17:12:05,28-03-2019 17:12:09,28-03-2019 17:22:56,28-03-2019 17:22:56,28-03-2019 18:12:00,28-03-2019 17:55:47,28-03-2019 18:12:04,28-03-2019 18:12:08,28-03-2019 18:21:04,28-03-2019 18:21:05,28-03-2019 19:21:06,28-03-2019 19:29:49,28-03-2019 21:08:32,28-03-2019 22:08:22,28-03-2019 22:09:46,28-03-2019 22:09:46,29-03-2019 04:05:39,29-03-2019 04:07:40,29-03-2019 04:11:31,29-03-2019 04:18:07,29-03-2019 04:18:46
exploratory-run-3,exploratory-run-3_4,3,4,1,40,53,237814,0.0,0.4207273309799999,10,60,constant-HS rc,60,1,5.0,0.0,0.0,0.0,0.0,0.0,0.0,4.0,0.0,0.0,0.0,0.0,0.0,1.0,0.0,0.0,4.98,0.0,0.0,0.0,0.0,0.0,0.0,3.9900002,0.0,0.0,0.0,0.0,0.0,1.0199995,0.0,0.0,,,28-03-2019 12:11:48,,28-03-2019 13:19:30,28-03-2019 13:20:07,28-03-2019 14:12:08,28-03-2019 14:17:06,28-03-2019 15:38:35,28-03-2019 15:45:07,28-03-2019 16:15:39,28-03-2019 17:12:05,28-03-2019 17:12:09,28-03-2019 17:22:56,28-03-2019 17:22:56,28-03-2019 18:12:00,28-03-2019 17:55:47,28-03-2019 18:12:04,28-03-2019 18:12:08,28-03-2019 18:21:04,28-03-2019 18:21:05,28-03-2019 19:21:06,28-03-2019 19:29:49,28-03-2019 21:08:32,28-03-2019 22:08:22,28-03-2019 22:09:46,28-03-2019 22:09:46,29-03-2019 04:05:39,29-03-2019 04:07:40,29-03-2019 04:11:31,29-03-2019 04:18:07,29-03-2019 04:18:46
exploratory-run-3,exploratory-run-3_5,4,5,1,41,10,274746,0.0,0.63146390822,10,60,constant-HS rc,60,1,5.0,0.0,0.0,0.0,0.0,0.0,0.0,4.0,0.0,0.0,0.0,0.0,1.0,0.0,0.0,0.0,5.02,0.0,0.0,0.0,0.0,0.0,0.0,4.0099998,0.0,0.0,0.0,0.0,1.04,0.0,0.0,0.0,,,28-03-2019 12:11:48,,28-03-2019 13:19:30,28-03-2019 13:20:07,28-03-2019 14:12:08,28-03-2019 14:17:06,28-03-2019 15:38:35,28-03-2019 15:45:07,28-03-2019 16:15:39,28-03-2019 17:12:05,28-03-2019 17:12:09,28-03-2019 17:22:56,28-03-2019 17:22:56,28-03-2019 18:12:00,28-03-2019 17:55:47,28-03-2019 18:12:04,28-03-2019 18:12:08,28-03-2019 18:21:04,28-03-2019 18:21:05,28-03-2019 19:21:06,28-03-2019 19:29:49,28-03-2019 21:08:32,28-03-2019 22:08:22,28-03-2019 22:09:46,28-03-2019 22:09:46,29-03-2019 04:05:39,29-03-2019 04:07:40,29-03-2019 04:11:31,29-03-2019 04:18:07,29-03-2019 04:18:46
exploratory-run-3,exploratory-run-3_6,5,6,1,42,17,265930,0.0,0.5811591950999999,10,60,constant-HS rc,60,1,5.0,0.0,0.0,0.0,0.0,0.0,0.0,4.0,0.0,0.0,0.0,0.0,1.0,0.0,0.0,0.0,5.03,0.0,0.0,0.0,0.0,0.0,0.0,3.99,0.0,0.0,0.0,0.0,0.9899998,0.0,0.0,0.0,,,28-03-2019 12:11:48,,28-03-2019 13:19:30,28-03-2019 13:20:07,28-03-2019 14:12:08,28-03-2019 14:17:06,28-03-2019 15:38:35,28-03-2019 15:45:07,28-03-2019 16:15:39,28-03-2019 17:12:05,28-03-2019 17:12:09,28-03-2019 17:22:56,28-03-2019 17:22:56,28-03-2019 18:12:00,28-03-2019 17:55:47,28-03-2019 18:12:04,28-03-2019 18:12:08,28-03-2019 18:21:04,28-03-2019 18:21:05,28-03-2019 19:21:06,28-03-2019 19:29:49,28-03-2019 21:08:32,28-03-2019 22:08:22,28-03-2019 22:09:46,28-03-2019 22:09:46,29-03-2019 04:05:39,29-03-2019 04:07:40,29-03-2019 04:11:31,29-03-2019 04:18:07,29-03-2019 04:18:46
exploratory-run-3,exploratory-run-3_7,6,7,1,49,12,414873,0.0,1.43103837911,10,60,constant-HS rc,60,1,5.0,0.0,0.0,0.0,0.0,0.0,0.0,4.0,0.0,0.0,0.0,1.0,0.0,0.0,0.0,0.0,5.095,0.0,0.0,0.0,0.0,0.0,0.0,4.0,0.0,0.0,0.0,1.0,0.0,0.0,0.0,0.0,,,28-03-2019 12:11:48,,28-03-2019 13:19:30,28-03-2019 13:20:07,28-03-2019 14:12:08,28-03-2019 14:17:06,28-03-2019 15:38:35,28-03-2019 15:45:07,28-03-2019 16:15:39,28-03-2019 17:12:05,28-03-2019 17:12:09,28-03-2019 17:22:56,28-03-2019 17:22:56,28-03-2019 18:12:00,28-03-2019 17:55:47,28-03-2019 18:12:04,28-03-2019 18:12:08,28-03-2019 18:21:04,28-03-2019 18:21:05,28-03-2019 19:21:06,28-03-2019 19:29:49,28-03-2019 21:08:32,28-03-2019 22:08:22,28-03-2019 22:09:46,28-03-2019 22:09:46,29-03-2019 04:05:39,29-03-2019 04:07:40,29-03-2019 04:11:31,29-03-2019 04:18:07,29-03-2019 04:18:46
exploratory-run-3,exploratory-run-3_8,7,8,1,50,15,423679,0.0,1.48128603153,10,60,constant-HS rc,60,1,5.0,0.0,0.0,0.0,0.0,0.0,0.0,4.0,0.0,0.0,0.0,1.0,0.0,0.0,0.0,0.0,5.05,0.0,0.0,0.0,0.0,0.0,0.0,3.9999998,0.0,0.0,0.0,0.97999954,0.0,0.0,0.0,0.0,,,28-03-2019 12:11:48,,28-03-2019 13:19:30,28-03-2019 13:20:07,28-03-2019 14:12:08,28-03-2019 14:17:06,28-03-2019 15:38:35,28-03-2019 15:45:07,28-03-2019 16:15:39,28-03-2019 17:12:05,28-03-2019 17:12:09,28-03-2019 17:22:56,28-03-2019 17:22:56,28-03-2019 18:12:00,28-03-2019 17:55:47,28-03-2019 18:12:04,28-03-2019 18:12:08,28-03-2019 18:21:04,28-03-2019 18:21:05,28-03-2019 19:21:06,28-03-2019 19:29:49,28-03-2019 21:08:32,28-03-2019 22:08:22,28-03-2019 22:09:46,28-03-2019 22:09:46,29-03-2019 04:05:39,29-03-2019 04:07:40,29-03-2019 04:11:31,29-03-2019 04:18:07,29-03-2019 04:18:46
exploratory-run-3,exploratory-run-3_9,8,9,1,53,1120658,77451,15.468748593106858,0.0,10,60,constant-HS rc,60,1,5.0,0.0,0.0,0.0,0.0,0.0,0.0,2.5,0.0,0.0,2.5,0.0,0.0,0.0,0.0,0.0,4.95,0.0,0.0,0.0,0.0,0.0,0.0,2.5100002,0.0,0.0,2.4899998,0.0,0.0,0.0,0.0,0.0,,,28-03-2019 12:11:48,,28-03-2019 13:19:30,28-03-2019 13:20:07,28-03-2019 14:12:08,28-03-2019 14:17:06,28-03-2019 15:38:35,28-03-2019 15:45:07,28-03-2019 16:15:39,28-03-2019 17:12:05,28-03-2019 17:12:09,28-03-2019 17:22:56,28-03-2019 17:22:56,28-03-2019 18:12:00,28-03-2019 17:55:47,28-03-2019 18:12:04,28-03-2019 18:12:08,28-03-2019 18:21:04,28-03-2019 18:21:05,28-03-2019 19:21:06,28-03-2019 19:29:49,28-03-2019 21:08:32,28-03-2019 22:08:22,28-03-2019 22:09:46,28-03-2019 22:09:46,29-03-2019 04:05:39,29-03-2019 04:07:40,29-03-2019 04:11:31,29-03-2019 04:18:07,29-03-2019 04:18:46
exploratory-run-3,exploratory-run-3_10,9,10,1,54,1162698,76153,16.491639749711506,0.0,10,60,constant-HS rc,60,1,5.0,0.0,0.0,0.0,0.0,0.0,0.0,2.5,0.0,0.0,2.5,0.0,0.0,0.0,0.0,0.0,5.025,0.0,0.0,0.0,0.0,0.0,0.0,2.4900002,0.0,0.0,2.49,0.0,0.0,0.0,0.0,0.0,,,28-03-2019 12:11:48,,28-03-2019 13:19:30,28-03-2019 13:20:07,28-03-2019 14:12:08,28-03-2019 14:17:06,28-03-2019 15:38:35,28-03-2019 15:45:07,28-03-2019 16:15:39,28-03-2019 17:12:05,28-03-2019 17:12:09,28-03-2019 17:22:56,28-03-2019 17:22:56,28-03-2019 18:12:00,28-03-2019 17:55:47,28-03-2019 18:12:04,28-03-2019 18:12:08,28-03-2019 18:21:04,28-03-2019 18:21:05,28-03-2019 19:21:06,28-03-2019 19:29:49,28-03-2019 21:08:32,28-03-2019 22:08:22,28-03-2019 22:09:46,28-03-2019 22:09:46,29-03-2019 04:05:39,29-03-2019 04:07:40,29-03-2019 04:11:31,29-03-2019 04:18:07,29-03-2019 04:18:46
exploratory-run-3,exploratory-run-3_11,10,11,1,61,778940,80652,8.35633946110322,0.0,10,60,constant-HS rc,60,1,5.0,0.0,0.0,0.0,0.0,0.0,0.0,1.5,0.0,0.0,2.5,0.0,0.0,0.0,1.0,0.0,4.99,0.0,0.0,0.0,0.0,0.0,0.0,1.5,0.0,0.0,2.48,0.0,0.0,0.0,0.9899998,0.0,,,28-03-2019 12:11:48,,28-03-2019 13:19:30,28-03-2019 13:20:07,28-03-2019 14:12:08,28-03-2019 14:17:06,28-03-2019 15:38:35,28-03-2019 15:45:07,28-03-2019 16:15:39,28-03-2019 17:12:05,28-03-2019 17:12:09,28-03-2019 17:22:56,28-03-2019 17:22:56,28-03-2019 18:12:00,28-03-2019 17:55:47,28-03-2019 18:12:04,28-03-2019 18:12:08,28-03-2019 18:21:04,28-03-2019 18:21:05,28-03-2019 19:21:06,28-03-2019 19:29:49,28-03-2019 21:08:32,28-03-2019 22:08:22,28-03-2019 22:09:46,28-03-2019 22:09:46,29-03-2019 04:05:39,29-03-2019 04:07:40,29-03-2019 04:11:31,29-03-2019 04:18:07,29-03-2019 04:18:46
exploratory-run-3,exploratory-run-3_12,11,12,1,62,751603,79656,7.879834887547418,0.0,10,60,constant-HS rc,60,1,5.0,0.0,0.0,0.0,0.0,0.0,0.0,1.5,0.0,0.0,2.5,0.0,0.0,0.0,1.0,0.0,4.995,0.0,0.0,0.0,0.0,0.0,0.0,1.5,0.0,0.0,2.5000002,0.0,0.0,0.0,0.9900007,0.0,,,28-03-2019 12:11:48,,28-03-2019 13:19:30,28-03-2019 13:20:07,28-03-2019 14:12:08,28-03-2019 14:17:06,28-03-2019 15:38:35,28-03-2019 15:45:07,28-03-2019 16:15:39,28-03-2019 17:12:05,28-03-2019 17:12:09,28-03-2019 17:22:56,28-03-2019 17:22:56,28-03-2019 18:12:00,28-03-2019 17:55:47,28-03-2019 18:12:04,28-03-2019 18:12:08,28-03-2019 18:21:04,28-03-2019 18:21:05,28-03-2019 19:21:06,28-03-2019 19:29:49,28-03-2019 21:08:32,28-03-2019 22:08:22,28-03-2019 22:09:46,28-03-2019 22:09:46,29-03-2019 04:05:39,29-03-2019 04:07:40,29-03-2019 04:11:31,29-03-2019 04:18:07,29-03-2019 04:18:46
exploratory-run-3,exploratory-run-3_13,12,13,1,63,330780,80131,2.27332803612818,0.0,10,60,constant-HS rc,60,1,5.0,0.0,0.0,0.0,0.0,0.0,0.0,1.5,0.0,0.0,2.5,0.0,0.0,1.0,0.0,0.0,5.04,0.0,0.0,0.0,0.0,0.0,0.0,1.5300002,0.0,0.0,2.48,0.0,0.0,1.0,0.0,0.0,,,28-03-2019 12:11:48,,28-03-2019 13:19:30,28-03-2019 13:20:07,28-03-2019 14:12:08,28-03-2019 14:17:06,28-03-2019 15:38:35,28-03-2019 15:45:07,28-03-2019 16:15:39,28-03-2019 17:12:05,28-03-2019 17:12:09,28-03-2019 17:22:56,28-03-2019 17:22:56,28-03-2019 18:12:00,28-03-2019 17:55:47,28-03-2019 18:12:04,28-03-2019 18:12:08,28-03-2019 18:21:04,28-03-2019 18:21:05,28-03-2019 19:21:06,28-03-2019 19:29:49,28-03-2019 21:08:32,28-03-2019 22:08:22,28-03-2019 22:09:46,28-03-2019 22:09:46,29-03-2019 04:05:39,29-03-2019 04:07:40,29-03-2019 04:11:31,29-03-2019 04:18:07,29-03-2019 04:18:46
exploratory-run-3,exploratory-run-3_14,13,14,1,64,227200,88000,1.391260874368,0.0,10,60,constant-HS rc,60,1,5.0,0.0,0.0,0.0,0.0,0.0,0.0,1.5,0.0,0.0,2.5,0.0,0.0,1.0,0.0,0.0,4.935,0.0,0.0,0.0,0.0,0.0,0.0,1.5,0.0,0.0,2.48,0.0,0.0,1.0099993,0.0,0.0,,,28-03-2019 12:11:48,,28-03-2019 13:19:30,28-03-2019 13:20:07,28-03-2019 14:12:08,28-03-2019 14:17:06,28-03-2019 15:38:35,28-03-2019 15:45:07,28-03-2019 16:15:39,28-03-2019 17:12:05,28-03-2019 17:12:09,28-03-2019 17:22:56,28-03-2019 17:22:56,28-03-2019 18:12:00,28-03-2019 17:55:47,28-03-2019 18:12:04,28-03-2019 18:12:08,28-03-2019 18:21:04,28-03-2019 18:21:05,28-03-2019 19:21:06,28-03-2019 19:29:49,28-03-2019 21:08:32,28-03-2019 22:08:22,28-03-2019 22:09:46,28-03-2019 22:09:46,29-03-2019 04:05:39,29-03-2019 04:07:40,29-03-2019 04:11:31,29-03-2019 04:18:07,29-03-2019 04:18:46
exploratory-run-3,exploratory-run-3_15,14,15,1,65,857338,78290,9.798860346253312,0.0,10,60,constant-HS rc,60,1,5.0,0.0,0.0,0.0,0.0,0.0,0.0,1.5,0.0,0.0,2.5,0.0,1.0,0.0,0.0,0.0,5.14,0.0,0.0,0.0,0.0,0.0,0.0,1.5099998,0.0,0.0,2.4900002,0.0,1.0,0.0,0.0,0.0,,,28-03-2019 12:11:48,,28-03-2019 13:19:30,28-03-2019 13:20:07,28-03-2019 14:12:08,28-03-2019 14:17:06,28-03-2019 15:38:35,28-03-2019 15:45:07,28-03-2019 16:15:39,28-03-2019 17:12:05,28-03-2019 17:12:09,28-03-2019 17:22:56,28-03-2019 17:22:56,28-03-2019 18:12:00,28-03-2019 17:55:47,28-03-2019 18:12:04,28-03-2019 18:12:08,28-03-2019 18:21:04,28-03-2019 18:21:05,28-03-2019 19:21:06,28-03-2019 19:29:49,28-03-2019 21:08:32,28-03-2019 22:08:22,28-03-2019 22:09:46,28-03-2019 22:09:46,29-03-2019 04:05:39,29-03-2019 04:07:40,29-03-2019 04:11:31,29-03-2019 04:18:07,29-03-2019 04:18:46
exploratory-run-3,exploratory-run-3_16,15,16,1,66,922252,77258,11.07855110294384,0.0,10,60,constant-HS rc,60,1,5.0,0.0,0.0,0.0,0.0,0.0,0.0,1.5,0.0,0.0,2.5,0.0,1.0,0.0,0.0,0.0,4.945,0.0,0.0,0.0,0.0,0.0,0.0,1.52,0.0,0.0,2.4900002,0.0,1.0,0.0,0.0,0.0,,,28-03-2019 12:11:48,,28-03-2019 13:19:30,28-03-2019 13:20:07,28-03-2019 14:12:08,28-03-2019 14:17:06,28-03-2019 15:38:35,28-03-2019 15:45:07,28-03-2019 16:15:39,28-03-2019 17:12:05,28-03-2019 17:12:09,28-03-2019 17:22:56,28-03-2019 17:22:56,28-03-2019 18:12:00,28-03-2019 17:55:47,28-03-2019 18:12:04,28-03-2019 18:12:08,28-03-2019 18:21:04,28-03-2019 18:21:05,28-03-2019 19:21:06,28-03-2019 19:29:49,28-03-2019 21:08:32,28-03-2019 22:08:22,28-03-2019 22:09:46,28-03-2019 22:09:46,29-03-2019 04:05:39,29-03-2019 04:07:40,29-03-2019 04:11:31,29-03-2019 04:18:07,29-03-2019 04:18:46
exploratory-run-4,exploratory-run-4_1,0,1,1,1,14377,131264,0.19615044653457206,0.0,10,60,constant-HS rc,60,1,5.0,0.0,0.0,0.0,0.0,0.0,0.0,1.5,0.0,0.0,2.5,1.0,0.0,0.0,0.0,0.0,4.99,0.0,0.0,0.0,0.0,0.0,0.0,1.5,0.0,0.0,2.4899998,0.9800005,0.0,0.0,0.0,0.0,,,28-03-2019 12:13:59,,28-03-2019 13:20:10,28-03-2019 13:20:50,28-03-2019 15:45:10,28-03-2019 15:50:14,28-03-2019 18:21:07,28-03-2019 18:28:11,28-03-2019 18:33:18,28-03-2019 19:29:45,28-03-2019 21:08:37,28-03-2019 21:17:51,28-03-2019 21:17:51,28-03-2019 21:44:22,28-03-2019 21:27:52,28-03-2019 21:44:25,28-03-2019 21:44:30,28-03-2019 21:53:09,28-03-2019 21:53:10,28-03-2019 22:53:11,28-03-2019 23:10:55,28-03-2019 23:19:01,29-03-2019 04:11:52,29-03-2019 04:12:44,29-03-2019 04:12:44,29-03-2019 13:07:20,,,29-03-2019 15:07:47,29-03-2019 15:11:10
exploratory-run-4,exploratory-run-4_2,1,2,1,2,13269,162842,0.19210123208478846,0.0,10,60,constant-HS rc,60,1,5.0,0.0,0.0,0.0,0.0,0.0,0.0,1.5,0.0,0.0,2.5,1.0,0.0,0.0,0.0,0.0,5.01,0.0,0.0,0.0,0.0,0.0,0.0,1.52,0.0,0.0,2.49,0.9800005,0.0,0.0,0.0,0.0,,,28-03-2019 12:13:59,,28-03-2019 13:20:10,28-03-2019 13:20:50,28-03-2019 15:45:10,28-03-2019 15:50:14,28-03-2019 18:21:07,28-03-2019 18:28:11,28-03-2019 18:33:18,28-03-2019 19:29:45,28-03-2019 21:08:37,28-03-2019 21:17:51,28-03-2019 21:17:51,28-03-2019 21:44:22,28-03-2019 21:27:52,28-03-2019 21:44:25,28-03-2019 21:44:30,28-03-2019 21:53:09,28-03-2019 21:53:10,28-03-2019 22:53:11,28-03-2019 23:10:55,28-03-2019 23:19:01,29-03-2019 04:11:52,29-03-2019 04:12:44,29-03-2019 04:12:44,29-03-2019 13:07:20,,,29-03-2019 15:07:47,29-03-2019 15:11:10
exploratory-run-4,exploratory-run-4_3,2,3,1,3,429198,81965,3.293667826783305,0.0,10,60,constant-HS rc,60,1,5.0,0.0,0.0,0.0,0.0,0.0,0.0,2.5,0.0,2.5,0.0,0.0,0.0,0.0,0.0,0.0,5.02,0.0,0.0,0.0,0.0,0.0,0.0,2.5,0.0,2.49,0.0,0.0,0.0,0.0,0.0,0.0,,,28-03-2019 12:13:59,,28-03-2019 13:20:10,28-03-2019 13:20:50,28-03-2019 15:45:10,28-03-2019 15:50:14,28-03-2019 18:21:07,28-03-2019 18:28:11,28-03-2019 18:33:18,28-03-2019 19:29:45,28-03-2019 21:08:37,28-03-2019 21:17:51,28-03-2019 21:17:51,28-03-2019 21:44:22,28-03-2019 21:27:52,28-03-2019 21:44:25,28-03-2019 21:44:30,28-03-2019 21:53:09,28-03-2019 21:53:10,28-03-2019 22:53:11,28-03-2019 23:10:55,28-03-2019 23:19:01,29-03-2019 04:11:52,29-03-2019 04:12:44,29-03-2019 04:12:44,29-03-2019 13:07:20,,,29-03-2019 15:07:47,29-03-2019 15:11:10
exploratory-run-4,exploratory-run-4_4,3,4,1,4,353418,82476,2.4923003563554094,0.0,10,60,constant-HS rc,60,1,5.0,0.0,0.0,0.0,0.0,0.0,0.0,2.5,0.0,2.5,0.0,0.0,0.0,0.0,0.0,0.0,5.065,0.0,0.0,0.0,0.0,0.0,0.0,2.5,0.0,2.49,0.0,0.0,0.0,0.0,0.0,0.0,,,28-03-2019 12:13:59,,28-03-2019 13:20:10,28-03-2019 13:20:50,28-03-2019 15:45:10,28-03-2019 15:50:14,28-03-2019 18:21:07,28-03-2019 18:28:11,28-03-2019 18:33:18,28-03-2019 19:29:45,28-03-2019 21:08:37,28-03-2019 21:17:51,28-03-2019 21:17:51,28-03-2019 21:44:22,28-03-2019 21:27:52,28-03-2019 21:44:25,28-03-2019 21:44:30,28-03-2019 21:53:09,28-03-2019 21:53:10,28-03-2019 22:53:11,28-03-2019 23:10:55,28-03-2019 23:19:01,29-03-2019 04:11:52,29-03-2019 04:12:44,29-03-2019 04:12:44,29-03-2019 13:07:20,,,29-03-2019 15:07:47,29-03-2019 15:11:10
exploratory-run-4,exploratory-run-4_5,4,5,1,5,176598,108890,1.0318599579983858,0.0,10,60,constant-HS rc,60,1,5.0,0.0,0.0,0.0,0.0,0.0,0.0,1.5,0.0,2.5,0.0,0.0,0.0,0.0,1.0,0.0,5.0,0.0,0.0,0.0,0.0,0.0,0.0,1.48,0.0,2.4799998,0.0,0.0,0.0,0.0,1.0,0.0,,,28-03-2019 12:13:59,,28-03-2019 13:20:10,28-03-2019 13:20:50,28-03-2019 15:45:10,28-03-2019 15:50:14,28-03-2019 18:21:07,28-03-2019 18:28:11,28-03-2019 18:33:18,28-03-2019 19:29:45,28-03-2019 21:08:37,28-03-2019 21:17:51,28-03-2019 21:17:51,28-03-2019 21:44:22,28-03-2019 21:27:52,28-03-2019 21:44:25,28-03-2019 21:44:30,28-03-2019 21:53:09,28-03-2019 21:53:10,28-03-2019 22:53:11,28-03-2019 23:10:55,28-03-2019 23:19:01,29-03-2019 04:11:52,29-03-2019 04:12:44,29-03-2019 04:12:44,29-03-2019 13:07:20,,,29-03-2019 15:07:47,29-03-2019 15:11:10
exploratory-run-4,exploratory-run-4_6,5,6,1,6,211304,108246,1.2733024605542431,0.0,10,60,constant-HS rc,60,1,5.0,0.0,0.0,0.0,0.0,0.0,0.0,1.5,0.0,2.5,0.0,0.0,0.0,0.0,1.0,0.0,5.03,0.0,0.0,0.0,0.0,0.0,0.0,1.5100002,0.0,2.49,0.0,0.0,0.0,0.0,1.0,0.0,,,28-03-2019 12:13:59,,28-03-2019 13:20:10,28-03-2019 13:20:50,28-03-2019 15:45:10,28-03-2019 15:50:14,28-03-2019 18:21:07,28-03-2019 18:28:11,28-03-2019 18:33:18,28-03-2019 19:29:45,28-03-2019 21:08:37,28-03-2019 21:17:51,28-03-2019 21:17:51,28-03-2019 21:44:22,28-03-2019 21:27:52,28-03-2019 21:44:25,28-03-2019 21:44:30,28-03-2019 21:53:09,28-03-2019 21:53:10,28-03-2019 22:53:11,28-03-2019 23:10:55,28-03-2019 23:19:01,29-03-2019 04:11:52,29-03-2019 04:12:44,29-03-2019 04:12:44,29-03-2019 13:07:20,,,29-03-2019 15:07:47,29-03-2019 15:11:10
exploratory-run-4,exploratory-run-4_7,6,7,1,13,25752,152113,0.2390222581541408,0.0,10,60,constant-HS rc,60,1,5.0,0.0,0.0,0.0,0.0,0.0,0.0,1.5,0.0,2.5,0.0,0.0,0.0,1.0,0.0,0.0,4.925,0.0,0.0,0.0,0.0,0.0,0.0,1.5,0.0,2.5,0.0,0.0,0.0,1.0,0.0,0.0,,,28-03-2019 12:13:59,,28-03-2019 13:20:10,28-03-2019 13:20:50,28-03-2019 15:45:10,28-03-2019 15:50:14,28-03-2019 18:21:07,28-03-2019 18:28:11,28-03-2019 18:33:18,28-03-2019 19:29:45,28-03-2019 21:08:37,28-03-2019 21:17:51,28-03-2019 21:17:51,28-03-2019 21:44:22,28-03-2019 21:27:52,28-03-2019 21:44:25,28-03-2019 21:44:30,28-03-2019 21:53:09,28-03-2019 21:53:10,28-03-2019 22:53:11,28-03-2019 23:10:55,28-03-2019 23:19:01,29-03-2019 04:11:52,29-03-2019 04:12:44,29-03-2019 04:12:44,29-03-2019 13:07:20,,,29-03-2019 15:07:47,29-03-2019 15:11:10
exploratory-run-4,exploratory-run-4_8,7,8,1,14,66,4338977,0.0,23.82225049039,10,60,constant-HS rc,60,1,5.0,0.0,0.0,0.0,0.0,0.0,0.0,1.5,0.0,2.5,0.0,0.0,0.0,1.0,0.0,0.0,4.92,0.0,0.0,0.0,0.0,0.0,0.0,1.5299997,0.0,2.48,0.0,0.0,0.0,1.0200005,0.0,0.0,,,28-03-2019 12:13:59,,28-03-2019 13:20:10,28-03-2019 13:20:50,28-03-2019 15:45:10,28-03-2019 15:50:14,28-03-2019 18:21:07,28-03-2019 18:28:11,28-03-2019 18:33:18,28-03-2019 19:29:45,28-03-2019 21:08:37,28-03-2019 21:17:51,28-03-2019 21:17:51,28-03-2019 21:44:22,28-03-2019 21:27:52,28-03-2019 21:44:25,28-03-2019 21:44:30,28-03-2019 21:53:09,28-03-2019 21:53:10,28-03-2019 22:53:11,28-03-2019 23:10:55,28-03-2019 23:19:01,29-03-2019 04:11:52,29-03-2019 04:12:44,29-03-2019 04:12:44,29-03-2019 13:07:20,,,29-03-2019 15:07:47,29-03-2019 15:11:10
exploratory-run-4,exploratory-run-4_9,8,9,1,17,17492,139106,0.2076548754131528,0.0,10,60,constant-HS rc,60,1,5.0,0.0,0.0,0.0,0.0,0.0,0.0,1.5,0.0,2.5,0.0,0.0,1.0,0.0,0.0,0.0,5.005,0.0,0.0,0.0,0.0,0.0,0.0,1.5100002,0.0,2.5,0.0,0.0,0.9899998,0.0,0.0,0.0,,,28-03-2019 12:13:59,,28-03-2019 13:20:10,28-03-2019 13:20:50,28-03-2019 15:45:10,28-03-2019 15:50:14,28-03-2019 18:21:07,28-03-2019 18:28:11,28-03-2019 18:33:18,28-03-2019 19:29:45,28-03-2019 21:08:37,28-03-2019 21:17:51,28-03-2019 21:17:51,28-03-2019 21:44:22,28-03-2019 21:27:52,28-03-2019 21:44:25,28-03-2019 21:44:30,28-03-2019 21:53:09,28-03-2019 21:53:10,28-03-2019 22:53:11,28-03-2019 23:10:55,28-03-2019 23:19:01,29-03-2019 04:11:52,29-03-2019 04:12:44,29-03-2019 04:12:44,29-03-2019 13:07:20,,,29-03-2019 15:07:47,29-03-2019 15:11:10
exploratory-run-4,exploratory-run-4_10,9,10,1,18,22059,154197,0.22484347530261245,0.0,10,60,constant-HS rc,60,1,5.0,0.0,0.0,0.0,0.0,0.0,0.0,1.5,0.0,2.5,0.0,0.0,1.0,0.0,0.0,0.0,5.015,0.0,0.0,0.0,0.0,0.0,0.0,1.5099998,0.0,2.49,0.0,0.0,0.9800005,0.0,0.0,0.0,,,28-03-2019 12:13:59,,28-03-2019 13:20:10,28-03-2019 13:20:50,28-03-2019 15:45:10,28-03-2019 15:50:14,28-03-2019 18:21:07,28-03-2019 18:28:11,28-03-2019 18:33:18,28-03-2019 19:29:45,28-03-2019 21:08:37,28-03-2019 21:17:51,28-03-2019 21:17:51,28-03-2019 21:44:22,28-03-2019 21:27:52,28-03-2019 21:44:25,28-03-2019 21:44:30,28-03-2019 21:53:09,28-03-2019 21:53:10,28-03-2019 22:53:11,28-03-2019 23:10:55,28-03-2019 23:19:01,29-03-2019 04:11:52,29-03-2019 04:12:44,29-03-2019 04:12:44,29-03-2019 13:07:20,,,29-03-2019 15:07:47,29-03-2019 15:11:10
exploratory-run-4,exploratory-run-4_11,10,11,1,25,14655,122260,0.19716993657921125,0.0,10,60,constant-HS rc,60,1,5.0,0.0,0.0,0.0,0.0,0.0,0.0,1.5,0.0,2.5,0.0,1.0,0.0,0.0,0.0,0.0,4.965,0.0,0.0,0.0,0.0,0.0,0.0,1.52,0.0,2.5100002,0.0,1.0100002,0.0,0.0,0.0,0.0,,,28-03-2019 12:13:59,,28-03-2019 13:20:10,28-03-2019 13:20:50,28-03-2019 15:45:10,28-03-2019 15:50:14,28-03-2019 18:21:07,28-03-2019 18:28:11,28-03-2019 18:33:18,28-03-2019 19:29:45,28-03-2019 21:08:37,28-03-2019 21:17:51,28-03-2019 21:17:51,28-03-2019 21:44:22,28-03-2019 21:27:52,28-03-2019 21:44:25,28-03-2019 21:44:30,28-03-2019 21:53:09,28-03-2019 21:53:10,28-03-2019 22:53:11,28-03-2019 23:10:55,28-03-2019 23:19:01,29-03-2019 04:11:52,29-03-2019 04:12:44,29-03-2019 04:12:44,29-03-2019 13:07:20,,,29-03-2019 15:07:47,29-03-2019 15:11:10
exploratory-run-4,exploratory-run-4_12,11,12,1,26,11117,130092,0.18430100024183405,0.0,10,60,constant-HS rc,60,1,5.0,0.0,0.0,0.0,0.0,0.0,0.0,1.5,0.0,2.5,0.0,1.0,0.0,0.0,0.0,0.0,5.065,0.0,0.0,0.0,0.0,0.0,0.0,1.5,0.0,2.5,0.0,0.9899998,0.0,0.0,0.0,0.0,,,28-03-2019 12:13:59,,28-03-2019 13:20:10,28-03-2019 13:20:50,28-03-2019 15:45:10,28-03-2019 15:50:14,28-03-2019 18:21:07,28-03-2019 18:28:11,28-03-2019 18:33:18,28-03-2019 19:29:45,28-03-2019 21:08:37,28-03-2019 21:17:51,28-03-2019 21:17:51,28-03-2019 21:44:22,28-03-2019 21:27:52,28-03-2019 21:44:25,28-03-2019 21:44:30,28-03-2019 21:53:09,28-03-2019 21:53:10,28-03-2019 22:53:11,28-03-2019 23:10:55,28-03-2019 23:19:01,29-03-2019 04:11:52,29-03-2019 04:12:44,29-03-2019 04:12:44,29-03-2019 13:07:20,,,29-03-2019 15:07:47,29-03-2019 15:11:10
exploratory-run-4,exploratory-run-4_13,12,13,1,27,29,420894,0.0,1.46539462658,10,60,constant-HS rc,60,1,0.0,0.0,0.0,0.0,0.0,0.0,5.0,5.0,0.0,0.0,0.0,0.0,0.0,0.0,0.0,0.0,0.0,0.0,0.0,0.0,0.0,0.0,4.995,5.0,0.0,0.0,0.0,0.0,0.0,0.0,0.0,0.0,,,28-03-2019 12:13:59,,28-03-2019 13:20:10,28-03-2019 13:20:50,28-03-2019 15:45:10,28-03-2019 15:50:14,28-03-2019 18:21:07,28-03-2019 18:28:11,28-03-2019 18:33:18,28-03-2019 19:29:45,28-03-2019 21:08:37,28-03-2019 21:17:51,28-03-2019 21:17:51,28-03-2019 21:44:22,28-03-2019 21:27:52,28-03-2019 21:44:25,28-03-2019 21:44:30,28-03-2019 21:53:09,28-03-2019 21:53:10,28-03-2019 22:53:11,28-03-2019 23:10:55,28-03-2019 23:19:01,29-03-2019 04:11:52,29-03-2019 04:12:44,29-03-2019 04:12:44,29-03-2019 13:07:20,,,29-03-2019 15:07:47,29-03-2019 15:11:10
exploratory-run-4,exploratory-run-4_14,13,14,1,28,14,409889,0.0,1.40259932623,10,60,constant-HS rc,60,1,0.0,0.0,0.0,0.0,0.0,0.0,5.0,5.0,0.0,0.0,0.0,0.0,0.0,0.0,0.0,0.0,0.0,0.0,0.0,0.0,0.0,0.0,5.06,5.0,0.0,0.0,0.0,0.0,0.0,0.0,0.0,0.0,,,28-03-2019 12:13:59,,28-03-2019 13:20:10,28-03-2019 13:20:50,28-03-2019 15:45:10,28-03-2019 15:50:14,28-03-2019 18:21:07,28-03-2019 18:28:11,28-03-2019 18:33:18,28-03-2019 19:29:45,28-03-2019 21:08:37,28-03-2019 21:17:51,28-03-2019 21:17:51,28-03-2019 21:44:22,28-03-2019 21:27:52,28-03-2019 21:44:25,28-03-2019 21:44:30,28-03-2019 21:53:09,28-03-2019 21:53:10,28-03-2019 22:53:11,28-03-2019 23:10:55,28-03-2019 23:19:01,29-03-2019 04:11:52,29-03-2019 04:12:44,29-03-2019 04:12:44,29-03-2019 13:07:20,,,29-03-2019 15:07:47,29-03-2019 15:11:10
exploratory-run-4,exploratory-run-4_15,14,15,1,29,32,443496,0.0,1.5943632207199998,10,60,constant-HS rc,60,1,0.0,0.0,0.0,0.0,0.0,0.0,5.0,4.0,0.0,0.0,0.0,0.0,0.0,0.0,1.0,0.0,0.0,0.0,0.0,0.0,0.0,0.0,4.965,4.0,0.0,0.0,0.0,0.0,0.0,0.0,0.9899998,0.0,,,28-03-2019 12:13:59,,28-03-2019 13:20:10,28-03-2019 13:20:50,28-03-2019 15:45:10,28-03-2019 15:50:14,28-03-2019 18:21:07,28-03-2019 18:28:11,28-03-2019 18:33:18,28-03-2019 19:29:45,28-03-2019 21:08:37,28-03-2019 21:17:51,28-03-2019 21:17:51,28-03-2019 21:44:22,28-03-2019 21:27:52,28-03-2019 21:44:25,28-03-2019 21:44:30,28-03-2019 21:53:09,28-03-2019 21:53:10,28-03-2019 22:53:11,28-03-2019 23:10:55,28-03-2019 23:19:01,29-03-2019 04:11:52,29-03-2019 04:12:44,29-03-2019 04:12:44,29-03-2019 13:07:20,,,29-03-2019 15:07:47,29-03-2019 15:11:10
exploratory-run-4,exploratory-run-4_16,15,16,1,30,21,444664,0.0,1.6010279104799998,10,60,constant-HS rc,60,1,0.0,0.0,0.0,0.0,0.0,0.0,5.0,4.0,0.0,0.0,0.0,0.0,0.0,0.0,1.0,0.0,0.0,0.0,0.0,0.0,0.0,0.0,4.98,3.9999998,0.0,0.0,0.0,0.0,0.0,0.0,0.97000027,0.0,,,28-03-2019 12:13:59,,28-03-2019 13:20:10,28-03-2019 13:20:50,28-03-2019 15:45:10,28-03-2019 15:50:14,28-03-2019 18:21:07,28-03-2019 18:28:11,28-03-2019 18:33:18,28-03-2019 19:29:45,28-03-2019 21:08:37,28-03-2019 21:17:51,28-03-2019 21:17:51,28-03-2019 21:44:22,28-03-2019 21:27:52,28-03-2019 21:44:25,28-03-2019 21:44:30,28-03-2019 21:53:09,28-03-2019 21:53:10,28-03-2019 22:53:11,28-03-2019 23:10:55,28-03-2019 23:19:01,29-03-2019 04:11:52,29-03-2019 04:12:44,29-03-2019 04:12:44,29-03-2019 13:07:20,,,29-03-2019 15:07:47,29-03-2019 15:11:10
exploratory-run-5,exploratory-run-5_1,0,1,1,37,1,458276,0.0,1.6786989353200001,10,60,constant-HS rc,60,1,0.0,0.0,0.0,0.0,0.0,0.0,5.0,4.0,0.0,0.0,0.0,0.0,0.0,1.0,0.0,0.0,0.0,0.0,0.0,0.0,0.0,0.0,4.99,3.9999998,0.0,0.0,0.0,0.0,0.0,0.9800005,0.0,0.0,,,28-03-2019 12:14:00,,28-03-2019 13:20:53,28-03-2019 13:21:30,28-03-2019 18:28:14,28-03-2019 18:33:15,28-03-2019 21:53:12,28-03-2019 22:00:11,28-03-2019 22:14:07,28-03-2019 23:10:50,28-03-2019 23:19:05,28-03-2019 23:28:22,28-03-2019 23:28:22,28-03-2019 23:54:54,28-03-2019 23:38:23,28-03-2019 23:54:58,28-03-2019 23:55:02,29-03-2019 00:03:39,29-03-2019 00:03:40,29-03-2019 01:03:40,29-03-2019 01:16:19,29-03-2019 01:24:19,29-03-2019 04:11:52,29-03-2019 04:13:16,29-03-2019 04:13:16,29-03-2019 13:07:20,,,29-03-2019 15:11:13,29-03-2019 15:11:50
exploratory-run-5,exploratory-run-5_2,1,2,1,38,7,458194,0.0,1.67823103758,10,60,constant-HS rc,60,1,0.0,0.0,0.0,0.0,0.0,0.0,5.0,4.0,0.0,0.0,0.0,0.0,0.0,1.0,0.0,0.0,0.0,0.0,0.0,0.0,0.0,0.0,5.005,4.02,0.0,0.0,0.0,0.0,0.0,1.0,0.0,0.0,,,28-03-2019 12:14:00,,28-03-2019 13:20:53,28-03-2019 13:21:30,28-03-2019 18:28:14,28-03-2019 18:33:15,28-03-2019 21:53:12,28-03-2019 22:00:11,28-03-2019 22:14:07,28-03-2019 23:10:50,28-03-2019 23:19:05,28-03-2019 23:28:22,28-03-2019 23:28:22,28-03-2019 23:54:54,28-03-2019 23:38:23,28-03-2019 23:54:58,28-03-2019 23:55:02,29-03-2019 00:03:39,29-03-2019 00:03:40,29-03-2019 01:03:40,29-03-2019 01:16:19,29-03-2019 01:24:19,29-03-2019 04:11:52,29-03-2019 04:13:16,29-03-2019 04:13:16,29-03-2019 13:07:20,,,29-03-2019 15:11:13,29-03-2019 15:11:50
exploratory-run-5,exploratory-run-5_3,2,3,1,39,12,368296,0.0,1.1652667567200001,10,60,constant-HS rc,60,1,0.0,0.0,0.0,0.0,0.0,0.0,5.0,4.0,0.0,0.0,0.0,0.0,1.0,0.0,0.0,0.0,0.0,0.0,0.0,0.0,0.0,0.0,5.045,3.9999998,0.0,0.0,0.0,0.0,0.9899998,0.0,0.0,0.0,,,28-03-2019 12:14:00,,28-03-2019 13:20:53,28-03-2019 13:21:30,28-03-2019 18:28:14,28-03-2019 18:33:15,28-03-2019 21:53:12,28-03-2019 22:00:11,28-03-2019 22:14:07,28-03-2019 23:10:50,28-03-2019 23:19:05,28-03-2019 23:28:22,28-03-2019 23:28:22,28-03-2019 23:54:54,28-03-2019 23:38:23,28-03-2019 23:54:58,28-03-2019 23:55:02,29-03-2019 00:03:39,29-03-2019 00:03:40,29-03-2019 01:03:40,29-03-2019 01:16:19,29-03-2019 01:24:19,29-03-2019 04:11:52,29-03-2019 04:13:16,29-03-2019 04:13:16,29-03-2019 13:07:20,,,29-03-2019 15:11:13,29-03-2019 15:11:50
exploratory-run-5,exploratory-run-5_4,3,4,1,40,7,373173,0.0,1.19309526011,10,60,constant-HS rc,60,1,0.0,0.0,0.0,0.0,0.0,0.0,5.0,4.0,0.0,0.0,0.0,0.0,1.0,0.0,0.0,0.0,0.0,0.0,0.0,0.0,0.0,0.0,4.945,3.9899998,0.0,0.0,0.0,0.0,0.9899998,0.0,0.0,0.0,,,28-03-2019 12:14:00,,28-03-2019 13:20:53,28-03-2019 13:21:30,28-03-2019 18:28:14,28-03-2019 18:33:15,28-03-2019 21:53:12,28-03-2019 22:00:11,28-03-2019 22:14:07,28-03-2019 23:10:50,28-03-2019 23:19:05,28-03-2019 23:28:22,28-03-2019 23:28:22,28-03-2019 23:54:54,28-03-2019 23:38:23,28-03-2019 23:54:58,28-03-2019 23:55:02,29-03-2019 00:03:39,29-03-2019 00:03:40,29-03-2019 01:03:40,29-03-2019 01:16:19,29-03-2019 01:24:19,29-03-2019 04:11:52,29-03-2019 04:13:16,29-03-2019 04:13:16,29-03-2019 13:07:20,,,29-03-2019 15:11:13,29-03-2019 15:11:50
exploratory-run-5,exploratory-run-5_5,4,5,1,41,9,437802,0.0,1.5618728581399999,10,60,constant-HS rc,60,1,0.0,0.0,0.0,0.0,0.0,0.0,5.0,4.0,0.0,0.0,0.0,1.0,0.0,0.0,0.0,0.0,0.0,0.0,0.0,0.0,0.0,0.0,5.09,4.0,0.0,0.0,0.0,0.96000004,0.0,0.0,0.0,0.0,,,28-03-2019 12:14:00,,28-03-2019 13:20:53,28-03-2019 13:21:30,28-03-2019 18:28:14,28-03-2019 18:33:15,28-03-2019 21:53:12,28-03-2019 22:00:11,28-03-2019 22:14:07,28-03-2019 23:10:50,28-03-2019 23:19:05,28-03-2019 23:28:22,28-03-2019 23:28:22,28-03-2019 23:54:54,28-03-2019 23:38:23,28-03-2019 23:54:58,28-03-2019 23:55:02,29-03-2019 00:03:39,29-03-2019 00:03:40,29-03-2019 01:03:40,29-03-2019 01:16:19,29-03-2019 01:24:19,29-03-2019 04:11:52,29-03-2019 04:13:16,29-03-2019 04:13:16,29-03-2019 13:07:20,,,29-03-2019 15:11:13,29-03-2019 15:11:50
exploratory-run-5,exploratory-run-5_6,5,6,1,42,5,439497,0.0,1.5715446467899998,10,60,constant-HS rc,60,1,0.0,0.0,0.0,0.0,0.0,0.0,5.0,4.0,0.0,0.0,0.0,1.0,0.0,0.0,0.0,0.0,0.0,0.0,0.0,0.0,0.0,0.0,4.995,4.0099998,0.0,0.0,0.0,0.9899998,0.0,0.0,0.0,0.0,,,28-03-2019 12:14:00,,28-03-2019 13:20:53,28-03-2019 13:21:30,28-03-2019 18:28:14,28-03-2019 18:33:15,28-03-2019 21:53:12,28-03-2019 22:00:11,28-03-2019 22:14:07,28-03-2019 23:10:50,28-03-2019 23:19:05,28-03-2019 23:28:22,28-03-2019 23:28:22,28-03-2019 23:54:54,28-03-2019 23:38:23,28-03-2019 23:54:58,28-03-2019 23:55:02,29-03-2019 00:03:39,29-03-2019 00:03:40,29-03-2019 01:03:40,29-03-2019 01:16:19,29-03-2019 01:24:19,29-03-2019 04:11:52,29-03-2019 04:13:16,29-03-2019 04:13:16,29-03-2019 13:07:20,,,29-03-2019 15:11:13,29-03-2019 15:11:50
exploratory-run-5,exploratory-run-5_7,6,7,1,49,94215,105633,0.5471592624781513,0.0,10,60,constant-HS rc,60,1,0.0,0.0,0.0,0.0,0.0,0.0,5.0,2.5,0.0,0.0,2.5,0.0,0.0,0.0,0.0,0.0,0.0,0.0,0.0,0.0,0.0,0.0,4.935,2.5,0.0,0.0,2.5100002,0.0,0.0,0.0,0.0,0.0,,,28-03-2019 12:14:00,,28-03-2019 13:20:53,28-03-2019 13:21:30,28-03-2019 18:28:14,28-03-2019 18:33:15,28-03-2019 21:53:12,28-03-2019 22:00:11,28-03-2019 22:14:07,28-03-2019 23:10:50,28-03-2019 23:19:05,28-03-2019 23:28:22,28-03-2019 23:28:22,28-03-2019 23:54:54,28-03-2019 23:38:23,28-03-2019 23:54:58,28-03-2019 23:55:02,29-03-2019 00:03:39,29-03-2019 00:03:40,29-03-2019 01:03:40,29-03-2019 01:16:19,29-03-2019 01:24:19,29-03-2019 04:11:52,29-03-2019 04:13:16,29-03-2019 04:13:16,29-03-2019 13:07:20,,,29-03-2019 15:11:13,29-03-2019 15:11:50
exploratory-run-5,exploratory-run-5_8,7,8,1,50,80355,105716,0.4778412836118613,0.0,10,60,constant-HS rc,60,1,0.0,0.0,0.0,0.0,0.0,0.0,5.0,2.5,0.0,0.0,2.5,0.0,0.0,0.0,0.0,0.0,0.0,0.0,0.0,0.0,0.0,0.0,4.95,2.5100002,0.0,0.0,2.49,0.0,0.0,0.0,0.0,0.0,,,28-03-2019 12:14:00,,28-03-2019 13:20:53,28-03-2019 13:21:30,28-03-2019 18:28:14,28-03-2019 18:33:15,28-03-2019 21:53:12,28-03-2019 22:00:11,28-03-2019 22:14:07,28-03-2019 23:10:50,28-03-2019 23:19:05,28-03-2019 23:28:22,28-03-2019 23:28:22,28-03-2019 23:54:54,28-03-2019 23:38:23,28-03-2019 23:54:58,28-03-2019 23:55:02,29-03-2019 00:03:39,29-03-2019 00:03:40,29-03-2019 01:03:40,29-03-2019 01:16:19,29-03-2019 01:24:19,29-03-2019 04:11:52,29-03-2019 04:13:16,29-03-2019 04:13:16,29-03-2019 13:07:20,,,29-03-2019 15:11:13,29-03-2019 15:11:50
exploratory-run-5,exploratory-run-5_9,8,9,1,53,800517,80800,8.742117311401254,0.0,10,60,constant-HS rc,60,1,0.0,0.0,0.0,0.0,0.0,0.0,5.0,1.5,0.0,0.0,2.5,0.0,0.0,0.0,1.0,0.0,0.0,0.0,0.0,0.0,0.0,0.0,5.0,1.5,0.0,0.0,2.4900002,0.0,0.0,0.0,0.9800005,0.0,,,28-03-2019 12:14:00,,28-03-2019 13:20:53,28-03-2019 13:21:30,28-03-2019 18:28:14,28-03-2019 18:33:15,28-03-2019 21:53:12,28-03-2019 22:00:11,28-03-2019 22:14:07,28-03-2019 23:10:50,28-03-2019 23:19:05,28-03-2019 23:28:22,28-03-2019 23:28:22,28-03-2019 23:54:54,28-03-2019 23:38:23,28-03-2019 23:54:58,28-03-2019 23:55:02,29-03-2019 00:03:39,29-03-2019 00:03:40,29-03-2019 01:03:40,29-03-2019 01:16:19,29-03-2019 01:24:19,29-03-2019 04:11:52,29-03-2019 04:13:16,29-03-2019 04:13:16,29-03-2019 13:07:20,,,29-03-2019 15:11:13,29-03-2019 15:11:50
exploratory-run-5,exploratory-run-5_10,9,10,1,54,772933,77876,8.250458419604293,0.0,10,60,constant-HS rc,60,1,0.0,0.0,0.0,0.0,0.0,0.0,5.0,1.5,0.0,0.0,2.5,0.0,0.0,0.0,1.0,0.0,0.0,0.0,0.0,0.0,0.0,0.0,4.985,1.5099998,0.0,0.0,2.5100002,0.0,0.0,0.0,0.9800005,0.0,,,28-03-2019 12:14:00,,28-03-2019 13:20:53,28-03-2019 13:21:30,28-03-2019 18:28:14,28-03-2019 18:33:15,28-03-2019 21:53:12,28-03-2019 22:00:11,28-03-2019 22:14:07,28-03-2019 23:10:50,28-03-2019 23:19:05,28-03-2019 23:28:22,28-03-2019 23:28:22,28-03-2019 23:54:54,28-03-2019 23:38:23,28-03-2019 23:54:58,28-03-2019 23:55:02,29-03-2019 00:03:39,29-03-2019 00:03:40,29-03-2019 01:03:40,29-03-2019 01:16:19,29-03-2019 01:24:19,29-03-2019 04:11:52,29-03-2019 04:13:16,29-03-2019 04:13:16,29-03-2019 13:07:20,,,29-03-2019 15:11:13,29-03-2019 15:11:50
exploratory-run-5,exploratory-run-5_11,10,11,1,61,87951,93885,0.5153949849538464,0.0,10,60,constant-HS rc,60,1,0.0,0.0,0.0,0.0,0.0,0.0,5.0,1.5,0.0,0.0,2.5,0.0,0.0,1.0,0.0,0.0,0.0,0.0,0.0,0.0,0.0,0.0,5.0,1.5099998,0.0,0.0,2.5,0.0,0.0,0.9899998,0.0,0.0,,,28-03-2019 12:14:00,,28-03-2019 13:20:53,28-03-2019 13:21:30,28-03-2019 18:28:14,28-03-2019 18:33:15,28-03-2019 21:53:12,28-03-2019 22:00:11,28-03-2019 22:14:07,28-03-2019 23:10:50,28-03-2019 23:19:05,28-03-2019 23:28:22,28-03-2019 23:28:22,28-03-2019 23:54:54,28-03-2019 23:38:23,28-03-2019 23:54:58,28-03-2019 23:55:02,29-03-2019 00:03:39,29-03-2019 00:03:40,29-03-2019 01:03:40,29-03-2019 01:16:19,29-03-2019 01:24:19,29-03-2019 04:11:52,29-03-2019 04:13:16,29-03-2019 04:13:16,29-03-2019 13:07:20,,,29-03-2019 15:11:13,29-03-2019 15:11:50
exploratory-run-5,exploratory-run-5_12,11,12,1,62,53163,101711,0.35207839044651,0.0,10,60,constant-HS rc,60,1,0.0,0.0,0.0,0.0,0.0,0.0,5.0,1.5,0.0,0.0,2.5,0.0,0.0,1.0,0.0,0.0,0.0,0.0,0.0,0.0,0.0,0.0,4.99,1.5099998,0.0,0.0,2.49,0.0,0.0,0.9899998,0.0,0.0,,,28-03-2019 12:14:00,,28-03-2019 13:20:53,28-03-2019 13:21:30,28-03-2019 18:28:14,28-03-2019 18:33:15,28-03-2019 21:53:12,28-03-2019 22:00:11,28-03-2019 22:14:07,28-03-2019 23:10:50,28-03-2019 23:19:05,28-03-2019 23:28:22,28-03-2019 23:28:22,28-03-2019 23:54:54,28-03-2019 23:38:23,28-03-2019 23:54:58,28-03-2019 23:55:02,29-03-2019 00:03:39,29-03-2019 00:03:40,29-03-2019 01:03:40,29-03-2019 01:16:19,29-03-2019 01:24:19,29-03-2019 04:11:52,29-03-2019 04:13:16,29-03-2019 04:13:16,29-03-2019 13:07:20,,,29-03-2019 15:11:13,29-03-2019 15:11:50
exploratory-run-5,exploratory-run-5_13,12,13,1,63,823217,80603,9.157186505502862,0.0,10,60,constant-HS rc,60,1,0.0,0.0,0.0,0.0,0.0,0.0,5.0,1.5,0.0,0.0,2.5,0.0,1.0,0.0,0.0,0.0,0.0,0.0,0.0,0.0,0.0,0.0,4.995,1.5100002,0.0,0.0,2.48,0.0,0.9899998,0.0,0.0,0.0,,,28-03-2019 12:14:00,,28-03-2019 13:20:53,28-03-2019 13:21:30,28-03-2019 18:28:14,28-03-2019 18:33:15,28-03-2019 21:53:12,28-03-2019 22:00:11,28-03-2019 22:14:07,28-03-2019 23:10:50,28-03-2019 23:19:05,28-03-2019 23:28:22,28-03-2019 23:28:22,28-03-2019 23:54:54,28-03-2019 23:38:23,28-03-2019 23:54:58,28-03-2019 23:55:02,29-03-2019 00:03:39,29-03-2019 00:03:40,29-03-2019 01:03:40,29-03-2019 01:16:19,29-03-2019 01:24:19,29-03-2019 04:11:52,29-03-2019 04:13:16,29-03-2019 04:13:16,29-03-2019 13:07:20,,,29-03-2019 15:11:13,29-03-2019 15:11:50
exploratory-run-5,exploratory-run-5_14,13,14,1,64,789085,80181,8.5366600669661,0.0,10,60,constant-HS rc,60,1,0.0,0.0,0.0,0.0,0.0,0.0,5.0,1.5,0.0,0.0,2.5,0.0,1.0,0.0,0.0,0.0,0.0,0.0,0.0,0.0,0.0,0.0,4.98,1.4899998,0.0,0.0,2.5,0.0,0.9900007,0.0,0.0,0.0,,,28-03-2019 12:14:00,,28-03-2019 13:20:53,28-03-2019 13:21:30,28-03-2019 18:28:14,28-03-2019 18:33:15,28-03-2019 21:53:12,28-03-2019 22:00:11,28-03-2019 22:14:07,28-03-2019 23:10:50,28-03-2019 23:19:05,28-03-2019 23:28:22,28-03-2019 23:28:22,28-03-2019 23:54:54,28-03-2019 23:38:23,28-03-2019 23:54:58,28-03-2019 23:55:02,29-03-2019 00:03:39,29-03-2019 00:03:40,29-03-2019 01:03:40,29-03-2019 01:16:19,29-03-2019 01:24:19,29-03-2019 04:11:52,29-03-2019 04:13:16,29-03-2019 04:13:16,29-03-2019 13:07:20,,,29-03-2019 15:11:13,29-03-2019 15:11:50
exploratory-run-5,exploratory-run-5_15,14,15,1,65,58,102559,0.0,0.0,10,60,constant-HS rc,60,1,0.0,0.0,0.0,0.0,0.0,0.0,5.0,1.5,0.0,0.0,2.5,1.0,0.0,0.0,0.0,0.0,0.0,0.0,0.0,0.0,0.0,0.0,4.945,1.5,0.0,0.0,2.4899998,1.0,0.0,0.0,0.0,0.0,,,28-03-2019 12:14:00,,28-03-2019 13:20:53,28-03-2019 13:21:30,28-03-2019 18:28:14,28-03-2019 18:33:15,28-03-2019 21:53:12,28-03-2019 22:00:11,28-03-2019 22:14:07,28-03-2019 23:10:50,28-03-2019 23:19:05,28-03-2019 23:28:22,28-03-2019 23:28:22,28-03-2019 23:54:54,28-03-2019 23:38:23,28-03-2019 23:54:58,28-03-2019 23:55:02,29-03-2019 00:03:39,29-03-2019 00:03:40,29-03-2019 01:03:40,29-03-2019 01:16:19,29-03-2019 01:24:19,29-03-2019 04:11:52,29-03-2019 04:13:16,29-03-2019 04:13:16,29-03-2019 13:07:20,,,29-03-2019 15:11:13,29-03-2019 15:11:50
exploratory-run-5,exploratory-run-5_16,15,16,1,66,16,113497,0.0,0.0,10,60,constant-HS rc,60,1,0.0,0.0,0.0,0.0,0.0,0.0,5.0,1.5,0.0,0.0,2.5,1.0,0.0,0.0,0.0,0.0,0.0,0.0,0.0,0.0,0.0,0.0,4.96,1.5099998,0.0,0.0,2.5,0.97000027,0.0,0.0,0.0,0.0,,,28-03-2019 12:14:00,,28-03-2019 13:20:53,28-03-2019 13:21:30,28-03-2019 18:28:14,28-03-2019 18:33:15,28-03-2019 21:53:12,28-03-2019 22:00:11,28-03-2019 22:14:07,28-03-2019 23:10:50,28-03-2019 23:19:05,28-03-2019 23:28:22,28-03-2019 23:28:22,28-03-2019 23:54:54,28-03-2019 23:38:23,28-03-2019 23:54:58,28-03-2019 23:55:02,29-03-2019 00:03:39,29-03-2019 00:03:40,29-03-2019 01:03:40,29-03-2019 01:16:19,29-03-2019 01:24:19,29-03-2019 04:11:52,29-03-2019 04:13:16,29-03-2019 04:13:16,29-03-2019 13:07:20,,,29-03-2019 15:11:13,29-03-2019 15:11:50
exploratory-run-6,exploratory-run-6_1,0,1,1,73,17,95532,0.0,0.0,10,60,constant-HS rc,60,1,0.0,0.0,0.0,0.0,0.0,0.0,5.0,2.5,0.0,2.5,0.0,0.0,0.0,0.0,0.0,0.0,0.0,0.0,0.0,0.0,0.0,0.0,5.02,2.5099998,0.0,2.49,0.0,0.0,0.0,0.0,0.0,0.0,,,28-03-2019 12:14:01,,28-03-2019 13:21:33,28-03-2019 13:22:12,28-03-2019 22:00:14,28-03-2019 22:05:16,29-03-2019 00:08:10,29-03-2019 00:14:40,29-03-2019 00:19:49,29-03-2019 01:16:15,29-03-2019 01:24:23,29-03-2019 01:33:39,29-03-2019 01:33:39,29-03-2019 02:00:11,29-03-2019 01:43:40,29-03-2019 02:00:15,29-03-2019 02:00:20,29-03-2019 02:08:57,29-03-2019 02:08:57,29-03-2019 03:08:58,29-03-2019 03:14:29,29-03-2019 03:24:06,29-03-2019 04:11:52,29-03-2019 04:13:47,29-03-2019 04:13:47,29-03-2019 13:07:20,29-03-2019 13:47:16,29-03-2019 15:06:13,29-03-2019 15:11:53,29-03-2019 15:12:33
exploratory-run-6,exploratory-run-6_2,1,2,1,74,12,98311,0.0,0.0,10,60,constant-HS rc,60,1,0.0,0.0,0.0,0.0,0.0,0.0,5.0,2.5,0.0,2.5,0.0,0.0,0.0,0.0,0.0,0.0,0.0,0.0,0.0,0.0,0.0,0.0,4.985,2.5199997,0.0,2.5,0.0,0.0,0.0,0.0,0.0,0.0,,,28-03-2019 12:14:01,,28-03-2019 13:21:33,28-03-2019 13:22:12,28-03-2019 22:00:14,28-03-2019 22:05:16,29-03-2019 00:08:10,29-03-2019 00:14:40,29-03-2019 00:19:49,29-03-2019 01:16:15,29-03-2019 01:24:23,29-03-2019 01:33:39,29-03-2019 01:33:39,29-03-2019 02:00:11,29-03-2019 01:43:40,29-03-2019 02:00:15,29-03-2019 02:00:20,29-03-2019 02:08:57,29-03-2019 02:08:57,29-03-2019 03:08:58,29-03-2019 03:14:29,29-03-2019 03:24:06,29-03-2019 04:11:52,29-03-2019 04:13:47,29-03-2019 04:13:47,29-03-2019 13:07:20,29-03-2019 13:47:16,29-03-2019 15:06:13,29-03-2019 15:11:53,29-03-2019 15:12:33
exploratory-run-6,exploratory-run-6_3,2,3,1,75,110,103963,0.0,0.0,10,60,constant-HS rc,60,1,0.0,0.0,0.0,0.0,0.0,0.0,5.0,1.5,0.0,2.5,0.0,0.0,0.0,0.0,1.0,0.0,0.0,0.0,0.0,0.0,0.0,0.0,5.005,1.5099998,0.0,2.5,0.0,0.0,0.0,0.0,1.0,0.0,,,28-03-2019 12:14:01,,28-03-2019 13:21:33,28-03-2019 13:22:12,28-03-2019 22:00:14,28-03-2019 22:05:16,29-03-2019 00:08:10,29-03-2019 00:14:40,29-03-2019 00:19:49,29-03-2019 01:16:15,29-03-2019 01:24:23,29-03-2019 01:33:39,29-03-2019 01:33:39,29-03-2019 02:00:11,29-03-2019 01:43:40,29-03-2019 02:00:15,29-03-2019 02:00:20,29-03-2019 02:08:57,29-03-2019 02:08:57,29-03-2019 03:08:58,29-03-2019 03:14:29,29-03-2019 03:24:06,29-03-2019 04:11:52,29-03-2019 04:13:47,29-03-2019 04:13:47,29-03-2019 13:07:20,29-03-2019 13:47:16,29-03-2019 15:06:13,29-03-2019 15:11:53,29-03-2019 15:12:33
exploratory-run-6,exploratory-run-6_4,3,4,1,76,61,111138,0.0,0.0,10,60,constant-HS rc,60,1,0.0,0.0,0.0,0.0,0.0,0.0,5.0,1.5,0.0,2.5,0.0,0.0,0.0,0.0,1.0,0.0,0.0,0.0,0.0,0.0,0.0,0.0,5.03,1.52,0.0,2.4899998,0.0,0.0,0.0,0.0,1.0,0.0,,,28-03-2019 12:14:01,,28-03-2019 13:21:33,28-03-2019 13:22:12,28-03-2019 22:00:14,28-03-2019 22:05:16,29-03-2019 00:08:10,29-03-2019 00:14:40,29-03-2019 00:19:49,29-03-2019 01:16:15,29-03-2019 01:24:23,29-03-2019 01:33:39,29-03-2019 01:33:39,29-03-2019 02:00:11,29-03-2019 01:43:40,29-03-2019 02:00:15,29-03-2019 02:00:20,29-03-2019 02:08:57,29-03-2019 02:08:57,29-03-2019 03:08:58,29-03-2019 03:14:29,29-03-2019 03:24:06,29-03-2019 04:11:52,29-03-2019 04:13:47,29-03-2019 04:13:47,29-03-2019 13:07:20,29-03-2019 13:47:16,29-03-2019 15:06:13,29-03-2019 15:11:53,29-03-2019 15:12:33
exploratory-run-6,exploratory-run-6_5,4,5,1,77,6,94411,0.0,0.0,10,60,constant-HS rc,60,1,0.0,0.0,0.0,0.0,0.0,0.0,5.0,1.5,0.0,2.5,0.0,0.0,0.0,1.0,0.0,0.0,0.0,0.0,0.0,0.0,0.0,0.0,5.01,1.49,0.0,2.4899998,0.0,0.0,0.0,0.9899998,0.0,0.0,,,28-03-2019 12:14:01,,28-03-2019 13:21:33,28-03-2019 13:22:12,28-03-2019 22:00:14,28-03-2019 22:05:16,29-03-2019 00:08:10,29-03-2019 00:14:40,29-03-2019 00:19:49,29-03-2019 01:16:15,29-03-2019 01:24:23,29-03-2019 01:33:39,29-03-2019 01:33:39,29-03-2019 02:00:11,29-03-2019 01:43:40,29-03-2019 02:00:15,29-03-2019 02:00:20,29-03-2019 02:08:57,29-03-2019 02:08:57,29-03-2019 03:08:58,29-03-2019 03:14:29,29-03-2019 03:24:06,29-03-2019 04:11:52,29-03-2019 04:13:47,29-03-2019 04:13:47,29-03-2019 13:07:20,29-03-2019 13:47:16,29-03-2019 15:06:13,29-03-2019 15:11:53,29-03-2019 15:12:33
exploratory-run-6,exploratory-run-6_6,5,6,1,78,8,96362,0.0,0.0,10,60,constant-HS rc,60,1,0.0,0.0,0.0,0.0,0.0,0.0,5.0,1.5,0.0,2.5,0.0,0.0,0.0,1.0,0.0,0.0,0.0,0.0,0.0,0.0,0.0,0.0,5.05,1.52,0.0,2.5,0.0,0.0,0.0,1.0300007,0.0,0.0,,,28-03-2019 12:14:01,,28-03-2019 13:21:33,28-03-2019 13:22:12,28-03-2019 22:00:14,28-03-2019 22:05:16,29-03-2019 00:08:10,29-03-2019 00:14:40,29-03-2019 00:19:49,29-03-2019 01:16:15,29-03-2019 01:24:23,29-03-2019 01:33:39,29-03-2019 01:33:39,29-03-2019 02:00:11,29-03-2019 01:43:40,29-03-2019 02:00:15,29-03-2019 02:00:20,29-03-2019 02:08:57,29-03-2019 02:08:57,29-03-2019 03:08:58,29-03-2019 03:14:29,29-03-2019 03:24:06,29-03-2019 04:11:52,29-03-2019 04:13:47,29-03-2019 04:13:47,29-03-2019 13:07:20,29-03-2019 13:47:16,29-03-2019 15:06:13,29-03-2019 15:11:53,29-03-2019 15:12:33
exploratory-run-6,exploratory-run-6_7,6,7,1,85,859,92276,0.0,0.0,10,60,constant-HS rc,60,1,0.0,0.0,0.0,0.0,0.0,0.0,5.0,1.5,0.0,2.5,0.0,0.0,1.0,0.0,0.0,0.0,0.0,0.0,0.0,0.0,0.0,0.0,4.975,1.5000002,0.0,2.49,0.0,0.0,0.9800005,0.0,0.0,0.0,,,28-03-2019 12:14:01,,28-03-2019 13:21:33,28-03-2019 13:22:12,28-03-2019 22:00:14,28-03-2019 22:05:16,29-03-2019 00:08:10,29-03-2019 00:14:40,29-03-2019 00:19:49,29-03-2019 01:16:15,29-03-2019 01:24:23,29-03-2019 01:33:39,29-03-2019 01:33:39,29-03-2019 02:00:11,29-03-2019 01:43:40,29-03-2019 02:00:15,29-03-2019 02:00:20,29-03-2019 02:08:57,29-03-2019 02:08:57,29-03-2019 03:08:58,29-03-2019 03:14:29,29-03-2019 03:24:06,29-03-2019 04:11:52,29-03-2019 04:13:47,29-03-2019 04:13:47,29-03-2019 13:07:20,29-03-2019 13:47:16,29-03-2019 15:06:13,29-03-2019 15:11:53,29-03-2019 15:12:33
exploratory-run-6,exploratory-run-6_8,7,8,1,86,923,94103,0.0,0.0,10,60,constant-HS rc,60,1,0.0,0.0,0.0,0.0,0.0,0.0,5.0,1.5,0.0,2.5,0.0,0.0,1.0,0.0,0.0,0.0,0.0,0.0,0.0,0.0,0.0,0.0,5.02,1.4799998,0.0,2.48,0.0,0.0,1.0,0.0,0.0,0.0,,,28-03-2019 12:14:01,,28-03-2019 13:21:33,28-03-2019 13:22:12,28-03-2019 22:00:14,28-03-2019 22:05:16,29-03-2019 00:08:10,29-03-2019 00:14:40,29-03-2019 00:19:49,29-03-2019 01:16:15,29-03-2019 01:24:23,29-03-2019 01:33:39,29-03-2019 01:33:39,29-03-2019 02:00:11,29-03-2019 01:43:40,29-03-2019 02:00:15,29-03-2019 02:00:20,29-03-2019 02:08:57,29-03-2019 02:08:57,29-03-2019 03:08:58,29-03-2019 03:14:29,29-03-2019 03:24:06,29-03-2019 04:11:52,29-03-2019 04:13:47,29-03-2019 04:13:47,29-03-2019 13:07:20,29-03-2019 13:47:16,29-03-2019 15:06:13,29-03-2019 15:11:53,29-03-2019 15:12:33
exploratory-run-6,exploratory-run-6_9,8,9,1,89,13,111038,0.0,0.0,10,60,constant-HS rc,60,1,0.0,0.0,0.0,0.0,0.0,0.0,5.0,1.5,0.0,2.5,0.0,1.0,0.0,0.0,0.0,0.0,0.0,0.0,0.0,0.0,0.0,0.0,4.97,1.5199997,0.0,2.4900002,0.0,1.0099993,0.0,0.0,0.0,0.0,,,28-03-2019 12:14:01,,28-03-2019 13:21:33,28-03-2019 13:22:12,28-03-2019 22:00:14,28-03-2019 22:05:16,29-03-2019 00:08:10,29-03-2019 00:14:40,29-03-2019 00:19:49,29-03-2019 01:16:15,29-03-2019 01:24:23,29-03-2019 01:33:39,29-03-2019 01:33:39,29-03-2019 02:00:11,29-03-2019 01:43:40,29-03-2019 02:00:15,29-03-2019 02:00:20,29-03-2019 02:08:57,29-03-2019 02:08:57,29-03-2019 03:08:58,29-03-2019 03:14:29,29-03-2019 03:24:06,29-03-2019 04:11:52,29-03-2019 04:13:47,29-03-2019 04:13:47,29-03-2019 13:07:20,29-03-2019 13:47:16,29-03-2019 15:06:13,29-03-2019 15:11:53,29-03-2019 15:12:33
exploratory-run-6,exploratory-run-6_10,9,10,1,90,10,117821,0.0,0.0,10,60,constant-HS rc,60,1,0.0,0.0,0.0,0.0,0.0,0.0,5.0,1.5,0.0,2.5,0.0,1.0,0.0,0.0,0.0,0.0,0.0,0.0,0.0,0.0,0.0,0.0,5.055,1.5099998,0.0,2.49,0.0,0.9900007,0.0,0.0,0.0,0.0,,,28-03-2019 12:14:01,,28-03-2019 13:21:33,28-03-2019 13:22:12,28-03-2019 22:00:14,28-03-2019 22:05:16,29-03-2019 00:08:10,29-03-2019 00:14:40,29-03-2019 00:19:49,29-03-2019 01:16:15,29-03-2019 01:24:23,29-03-2019 01:33:39,29-03-2019 01:33:39,29-03-2019 02:00:11,29-03-2019 01:43:40,29-03-2019 02:00:15,29-03-2019 02:00:20,29-03-2019 02:08:57,29-03-2019 02:08:57,29-03-2019 03:08:58,29-03-2019 03:14:29,29-03-2019 03:24:06,29-03-2019 04:11:52,29-03-2019 04:13:47,29-03-2019 04:13:47,29-03-2019 13:07:20,29-03-2019 13:47:16,29-03-2019 15:06:13,29-03-2019 15:11:53,29-03-2019 15:12:33
exploratory-run-6,exploratory-run-6_11,10,11,1,97,108432,494266,0.6219216827819648,1.8840603946199999,10,60,constant-HS rc,60,1,0.0,0.0,0.0,0.0,0.0,5.0,0.0,5.0,0.0,0.0,0.0,0.0,0.0,0.0,0.0,0.0,0.0,0.0,0.0,0.0,0.0,4.995,0.0,4.99,0.0,0.0,0.0,0.0,0.0,0.0,0.0,0.0,,,28-03-2019 12:14:01,,28-03-2019 13:21:33,28-03-2019 13:22:12,28-03-2019 22:00:14,28-03-2019 22:05:16,29-03-2019 00:08:10,29-03-2019 00:14:40,29-03-2019 00:19:49,29-03-2019 01:16:15,29-03-2019 01:24:23,29-03-2019 01:33:39,29-03-2019 01:33:39,29-03-2019 02:00:11,29-03-2019 01:43:40,29-03-2019 02:00:15,29-03-2019 02:00:20,29-03-2019 02:08:57,29-03-2019 02:08:57,29-03-2019 03:08:58,29-03-2019 03:14:29,29-03-2019 03:24:06,29-03-2019 04:11:52,29-03-2019 04:13:47,29-03-2019 04:13:47,29-03-2019 13:07:20,29-03-2019 13:47:16,29-03-2019 15:06:13,29-03-2019 15:11:53,29-03-2019 15:12:33
exploratory-run-6,exploratory-run-6_12,11,12,1,98,99883,481363,0.576521200679534,1.8104349734099998,10,60,constant-HS rc,60,1,0.0,0.0,0.0,0.0,0.0,5.0,0.0,5.0,0.0,0.0,0.0,0.0,0.0,0.0,0.0,0.0,0.0,0.0,0.0,0.0,0.0,4.99,0.0,4.9900002,0.0,0.0,0.0,0.0,0.0,0.0,0.0,0.0,,,28-03-2019 12:14:01,,28-03-2019 13:21:33,28-03-2019 13:22:12,28-03-2019 22:00:14,28-03-2019 22:05:16,29-03-2019 00:08:10,29-03-2019 00:14:40,29-03-2019 00:19:49,29-03-2019 01:16:15,29-03-2019 01:24:23,29-03-2019 01:33:39,29-03-2019 01:33:39,29-03-2019 02:00:11,29-03-2019 01:43:40,29-03-2019 02:00:15,29-03-2019 02:00:20,29-03-2019 02:08:57,29-03-2019 02:08:57,29-03-2019 03:08:58,29-03-2019 03:14:29,29-03-2019 03:24:06,29-03-2019 04:11:52,29-03-2019 04:13:47,29-03-2019 04:13:47,29-03-2019 13:07:20,29-03-2019 13:47:16,29-03-2019 15:06:13,29-03-2019 15:11:53,29-03-2019 15:12:33
exploratory-run-6,exploratory-run-6_13,12,13,1,99,49897,462244,0.33788499348186807,1.7013406210800002,10,60,constant-HS rc,60,1,0.0,0.0,0.0,0.0,0.0,5.0,0.0,4.0,0.0,0.0,0.0,0.0,0.0,0.0,1.0,0.0,0.0,0.0,0.0,0.0,0.0,5.02,0.0,4.02,0.0,0.0,0.0,0.0,0.0,0.0,0.9900007,0.0,,,28-03-2019 12:14:01,,28-03-2019 13:21:33,28-03-2019 13:22:12,28-03-2019 22:00:14,28-03-2019 22:05:16,29-03-2019 00:08:10,29-03-2019 00:14:40,29-03-2019 00:19:49,29-03-2019 01:16:15,29-03-2019 01:24:23,29-03-2019 01:33:39,29-03-2019 01:33:39,29-03-2019 02:00:11,29-03-2019 01:43:40,29-03-2019 02:00:15,29-03-2019 02:00:20,29-03-2019 02:08:57,29-03-2019 02:08:57,29-03-2019 03:08:58,29-03-2019 03:14:29,29-03-2019 03:24:06,29-03-2019 04:11:52,29-03-2019 04:13:47,29-03-2019 04:13:47,29-03-2019 13:07:20,29-03-2019 13:47:16,29-03-2019 15:06:13,29-03-2019 15:11:53,29-03-2019 15:12:33
exploratory-run-6,exploratory-run-6_14,13,14,1,100,55163,451670,0.36086654017191006,1.6410046368999998,10,60,constant-HS rc,60,1,0.0,0.0,0.0,0.0,0.0,5.0,0.0,4.0,0.0,0.0,0.0,0.0,0.0,0.0,1.0,0.0,0.0,0.0,0.0,0.0,0.0,5.035,0.0,4.0099998,0.0,0.0,0.0,0.0,0.0,0.0,1.0,0.0,,,28-03-2019 12:14:01,,28-03-2019 13:21:33,28-03-2019 13:22:12,28-03-2019 22:00:14,28-03-2019 22:05:16,29-03-2019 00:08:10,29-03-2019 00:14:40,29-03-2019 00:19:49,29-03-2019 01:16:15,29-03-2019 01:24:23,29-03-2019 01:33:39,29-03-2019 01:33:39,29-03-2019 02:00:11,29-03-2019 01:43:40,29-03-2019 02:00:15,29-03-2019 02:00:20,29-03-2019 02:08:57,29-03-2019 02:08:57,29-03-2019 03:08:58,29-03-2019 03:14:29,29-03-2019 03:24:06,29-03-2019 04:11:52,29-03-2019 04:13:47,29-03-2019 04:13:47,29-03-2019 13:07:20,29-03-2019 13:47:16,29-03-2019 15:06:13,29-03-2019 15:11:53,29-03-2019 15:12:33
exploratory-run-6,exploratory-run-6_15,14,15,1,101,11963,485888,0.18735732047127007,1.8362549401600001,10,60,constant-HS rc,60,1,0.0,0.0,0.0,0.0,0.0,5.0,0.0,4.0,0.0,0.0,0.0,0.0,0.0,1.0,0.0,0.0,0.0,0.0,0.0,0.0,0.0,4.965,0.0,4.0299997,0.0,0.0,0.0,0.0,0.0,0.9899998,0.0,0.0,,,28-03-2019 12:14:01,,28-03-2019 13:21:33,28-03-2019 13:22:12,28-03-2019 22:00:14,28-03-2019 22:05:16,29-03-2019 00:08:10,29-03-2019 00:14:40,29-03-2019 00:19:49,29-03-2019 01:16:15,29-03-2019 01:24:23,29-03-2019 01:33:39,29-03-2019 01:33:39,29-03-2019 02:00:11,29-03-2019 01:43:40,29-03-2019 02:00:15,29-03-2019 02:00:20,29-03-2019 02:08:57,29-03-2019 02:08:57,29-03-2019 03:08:58,29-03-2019 03:14:29,29-03-2019 03:24:06,29-03-2019 04:11:52,29-03-2019 04:13:47,29-03-2019 04:13:47,29-03-2019 13:07:20,29-03-2019 13:47:16,29-03-2019 15:06:13,29-03-2019 15:11:53,29-03-2019 15:12:33
exploratory-run-6,exploratory-run-6_16,15,16,1,102,11707,489194,0.18643109202416608,1.8551192075799998,10,60,constant-HS rc,60,1,0.0,0.0,0.0,0.0,0.0,5.0,0.0,4.0,0.0,0.0,0.0,0.0,0.0,1.0,0.0,0.0,0.0,0.0,0.0,0.0,0.0,4.955,0.0,4.0099998,0.0,0.0,0.0,0.0,0.0,0.9899998,0.0,0.0,,,28-03-2019 12:14:01,,28-03-2019 13:21:33,28-03-2019 13:22:12,28-03-2019 22:00:14,28-03-2019 22:05:16,29-03-2019 00:08:10,29-03-2019 00:14:40,29-03-2019 00:19:49,29-03-2019 01:16:15,29-03-2019 01:24:23,29-03-2019 01:33:39,29-03-2019 01:33:39,29-03-2019 02:00:11,29-03-2019 01:43:40,29-03-2019 02:00:15,29-03-2019 02:00:20,29-03-2019 02:08:57,29-03-2019 02:08:57,29-03-2019 03:08:58,29-03-2019 03:14:29,29-03-2019 03:24:06,29-03-2019 04:11:52,29-03-2019 04:13:47,29-03-2019 04:13:47,29-03-2019 13:07:20,29-03-2019 13:47:16,29-03-2019 15:06:13,29-03-2019 15:11:53,29-03-2019 15:12:33
exploratory-run-7,exploratory-run-7_1,0,1,1,1,60091,376030,0.38283349455137244,1.2093975021,10,60,constant-HS rc,60,1,0.0,0.0,0.0,0.0,0.0,5.0,0.0,4.0,0.0,0.0,0.0,0.0,1.0,0.0,0.0,0.0,0.0,0.0,0.0,0.0,0.0,5.06,0.0,3.99,0.0,0.0,0.0,0.0,0.9899998,0.0,0.0,0.0,,,28-03-2019 22:13:23,,28-03-2019 22:13:25,28-03-2019 22:14:04,29-03-2019 00:14:43,29-03-2019 00:19:46,29-03-2019 02:11:50,29-03-2019 02:18:22,29-03-2019 02:18:25,29-03-2019 03:14:25,29-03-2019 03:24:10,29-03-2019 03:33:27,29-03-2019 03:33:27,29-03-2019 03:58:49,29-03-2019 03:43:28,29-03-2019 03:58:53,29-03-2019 03:58:58,29-03-2019 04:07:37,29-03-2019 04:07:37,29-03-2019 05:07:38,29-03-2019 10:30:41,29-03-2019 10:38:28,29-03-2019 15:06:35,29-03-2019 15:07:26,29-03-2019 15:07:26,29-03-2019 18:05:26,29-03-2019 18:09:11,29-03-2019 18:14:10,29-03-2019 18:16:16,29-03-2019 18:19:41
exploratory-run-7,exploratory-run-7_2,1,2,1,2,66852,366719,0.4136956115155208,1.15626828433,10,60,constant-HS rc,60,1,0.0,0.0,0.0,0.0,0.0,5.0,0.0,4.0,0.0,0.0,0.0,0.0,1.0,0.0,0.0,0.0,0.0,0.0,0.0,0.0,0.0,4.99,0.0,4.0099998,0.0,0.0,0.0,0.0,0.9699998,0.0,0.0,0.0,,,28-03-2019 22:13:23,,28-03-2019 22:13:25,28-03-2019 22:14:04,29-03-2019 00:14:43,29-03-2019 00:19:46,29-03-2019 02:11:50,29-03-2019 02:18:22,29-03-2019 02:18:25,29-03-2019 03:14:25,29-03-2019 03:24:10,29-03-2019 03:33:27,29-03-2019 03:33:27,29-03-2019 03:58:49,29-03-2019 03:43:28,29-03-2019 03:58:53,29-03-2019 03:58:58,29-03-2019 04:07:37,29-03-2019 04:07:37,29-03-2019 05:07:38,29-03-2019 10:30:41,29-03-2019 10:38:28,29-03-2019 15:06:35,29-03-2019 15:07:26,29-03-2019 15:07:26,29-03-2019 18:05:26,29-03-2019 18:09:11,29-03-2019 18:14:10,29-03-2019 18:16:16,29-03-2019 18:19:41
exploratory-run-7,exploratory-run-7_3,2,3,1,3,1170,476943,0.149349846653405,1.78521414401,10,60,constant-HS rc,60,1,0.0,0.0,0.0,0.0,0.0,5.0,0.0,4.0,0.0,0.0,0.0,1.0,0.0,0.0,0.0,0.0,0.0,0.0,0.0,0.0,0.0,5.03,0.0,4.02,0.0,0.0,0.0,1.0100002,0.0,0.0,0.0,0.0,,,28-03-2019 22:13:23,,28-03-2019 22:13:25,28-03-2019 22:14:04,29-03-2019 00:14:43,29-03-2019 00:19:46,29-03-2019 02:11:50,29-03-2019 02:18:22,29-03-2019 02:18:25,29-03-2019 03:14:25,29-03-2019 03:24:10,29-03-2019 03:33:27,29-03-2019 03:33:27,29-03-2019 03:58:49,29-03-2019 03:43:28,29-03-2019 03:58:53,29-03-2019 03:58:58,29-03-2019 04:07:37,29-03-2019 04:07:37,29-03-2019 05:07:38,29-03-2019 10:30:41,29-03-2019 10:38:28,29-03-2019 15:06:35,29-03-2019 15:07:26,29-03-2019 15:07:26,29-03-2019 18:05:26,29-03-2019 18:09:11,29-03-2019 18:14:10,29-03-2019 18:16:16,29-03-2019 18:19:41
exploratory-run-7,exploratory-run-7_4,3,4,1,4,1236,484456,0.14957577550899923,1.8280838479200001,10,60,constant-HS rc,60,1,0.0,0.0,0.0,0.0,0.0,5.0,0.0,4.0,0.0,0.0,0.0,1.0,0.0,0.0,0.0,0.0,0.0,0.0,0.0,0.0,0.0,4.97,0.0,4.01,0.0,0.0,0.0,0.99000025,0.0,0.0,0.0,0.0,,,28-03-2019 22:13:23,,28-03-2019 22:13:25,28-03-2019 22:14:04,29-03-2019 00:14:43,29-03-2019 00:19:46,29-03-2019 02:11:50,29-03-2019 02:18:22,29-03-2019 02:18:25,29-03-2019 03:14:25,29-03-2019 03:24:10,29-03-2019 03:33:27,29-03-2019 03:33:27,29-03-2019 03:58:49,29-03-2019 03:43:28,29-03-2019 03:58:53,29-03-2019 03:58:58,29-03-2019 04:07:37,29-03-2019 04:07:37,29-03-2019 05:07:38,29-03-2019 10:30:41,29-03-2019 10:38:28,29-03-2019 15:06:35,29-03-2019 15:07:26,29-03-2019 15:07:26,29-03-2019 18:05:26,29-03-2019 18:09:11,29-03-2019 18:14:10,29-03-2019 18:16:16,29-03-2019 18:19:41
exploratory-run-7,exploratory-run-7_5,4,5,1,5,168377,464183,0.9779030186427721,1.71240469081,10,60,constant-HS rc,60,1,0.0,0.0,0.0,0.0,0.0,5.0,0.0,2.5,0.0,0.0,2.5,0.0,0.0,0.0,0.0,0.0,0.0,0.0,0.0,0.0,0.0,4.99,0.0,2.52,0.0,0.0,2.47,0.0,0.0,0.0,0.0,0.0,,,28-03-2019 22:13:23,,28-03-2019 22:13:25,28-03-2019 22:14:04,29-03-2019 00:14:43,29-03-2019 00:19:46,29-03-2019 02:11:50,29-03-2019 02:18:22,29-03-2019 02:18:25,29-03-2019 03:14:25,29-03-2019 03:24:10,29-03-2019 03:33:27,29-03-2019 03:33:27,29-03-2019 03:58:49,29-03-2019 03:43:28,29-03-2019 03:58:53,29-03-2019 03:58:58,29-03-2019 04:07:37,29-03-2019 04:07:37,29-03-2019 05:07:38,29-03-2019 10:30:41,29-03-2019 10:38:28,29-03-2019 15:06:35,29-03-2019 15:07:26,29-03-2019 15:07:26,29-03-2019 18:05:26,29-03-2019 18:09:11,29-03-2019 18:14:10,29-03-2019 18:16:16,29-03-2019 18:19:41
exploratory-run-7,exploratory-run-7_6,5,6,1,6,194466,456037,1.1534061275012162,1.6659230445900002,10,60,constant-HS rc,60,1,0.0,0.0,0.0,0.0,0.0,5.0,0.0,2.5,0.0,0.0,2.5,0.0,0.0,0.0,0.0,0.0,0.0,0.0,0.0,0.0,0.0,5.025,0.0,2.5,0.0,0.0,2.48,0.0,0.0,0.0,0.0,0.0,,,28-03-2019 22:13:23,,28-03-2019 22:13:25,28-03-2019 22:14:04,29-03-2019 00:14:43,29-03-2019 00:19:46,29-03-2019 02:11:50,29-03-2019 02:18:22,29-03-2019 02:18:25,29-03-2019 03:14:25,29-03-2019 03:24:10,29-03-2019 03:33:27,29-03-2019 03:33:27,29-03-2019 03:58:49,29-03-2019 03:43:28,29-03-2019 03:58:53,29-03-2019 03:58:58,29-03-2019 04:07:37,29-03-2019 04:07:37,29-03-2019 05:07:38,29-03-2019 10:30:41,29-03-2019 10:38:28,29-03-2019 15:06:35,29-03-2019 15:07:26,29-03-2019 15:07:26,29-03-2019 18:05:26,29-03-2019 18:09:11,29-03-2019 18:14:10,29-03-2019 18:16:16,29-03-2019 18:19:41
exploratory-run-7,exploratory-run-7_7,6,7,1,13,297193,78751,1.9657586738819959,0.0,10,60,constant-HS rc,60,1,0.0,0.0,0.0,0.0,0.0,5.0,0.0,1.5,0.0,0.0,2.5,0.0,0.0,0.0,1.0,0.0,0.0,0.0,0.0,0.0,0.0,5.04,0.0,1.5299997,0.0,0.0,2.47,0.0,0.0,0.0,0.9899998,0.0,,,28-03-2019 22:13:23,,28-03-2019 22:13:25,28-03-2019 22:14:04,29-03-2019 00:14:43,29-03-2019 00:19:46,29-03-2019 02:11:50,29-03-2019 02:18:22,29-03-2019 02:18:25,29-03-2019 03:14:25,29-03-2019 03:24:10,29-03-2019 03:33:27,29-03-2019 03:33:27,29-03-2019 03:58:49,29-03-2019 03:43:28,29-03-2019 03:58:53,29-03-2019 03:58:58,29-03-2019 04:07:37,29-03-2019 04:07:37,29-03-2019 05:07:38,29-03-2019 10:30:41,29-03-2019 10:38:28,29-03-2019 15:06:35,29-03-2019 15:07:26,29-03-2019 15:07:26,29-03-2019 18:05:26,29-03-2019 18:09:11,29-03-2019 18:14:10,29-03-2019 18:16:16,29-03-2019 18:19:41
exploratory-run-7,exploratory-run-7_8,7,8,1,14,262132,81863,1.6667537450498247,0.0,10,60,constant-HS rc,60,1,0.0,0.0,0.0,0.0,0.0,5.0,0.0,1.5,0.0,0.0,2.5,0.0,0.0,0.0,1.0,0.0,0.0,0.0,0.0,0.0,0.0,5.035,0.0,1.5099998,0.0,0.0,2.47,0.0,0.0,0.0,0.9600005,0.0,,,28-03-2019 22:13:23,,28-03-2019 22:13:25,28-03-2019 22:14:04,29-03-2019 00:14:43,29-03-2019 00:19:46,29-03-2019 02:11:50,29-03-2019 02:18:22,29-03-2019 02:18:25,29-03-2019 03:14:25,29-03-2019 03:24:10,29-03-2019 03:33:27,29-03-2019 03:33:27,29-03-2019 03:58:49,29-03-2019 03:43:28,29-03-2019 03:58:53,29-03-2019 03:58:58,29-03-2019 04:07:37,29-03-2019 04:07:37,29-03-2019 05:07:38,29-03-2019 10:30:41,29-03-2019 10:38:28,29-03-2019 15:06:35,29-03-2019 15:07:26,29-03-2019 15:07:26,29-03-2019 18:05:26,29-03-2019 18:09:11,29-03-2019 18:14:10,29-03-2019 18:16:16,29-03-2019 18:19:41
exploratory-run-7,exploratory-run-7_9,8,9,1,17,26651,406785,0.24251169022607644,1.38488768495,10,60,constant-HS rc,60,1,0.0,0.0,0.0,0.0,0.0,5.0,0.0,1.5,0.0,0.0,2.5,0.0,0.0,1.0,0.0,0.0,0.0,0.0,0.0,0.0,0.0,5.06,0.0,1.4999998,0.0,0.0,2.48,0.0,0.0,1.0,0.0,0.0,,,28-03-2019 22:13:23,,28-03-2019 22:13:25,28-03-2019 22:14:04,29-03-2019 00:14:43,29-03-2019 00:19:46,29-03-2019 02:11:50,29-03-2019 02:18:22,29-03-2019 02:18:25,29-03-2019 03:14:25,29-03-2019 03:24:10,29-03-2019 03:33:27,29-03-2019 03:33:27,29-03-2019 03:58:49,29-03-2019 03:43:28,29-03-2019 03:58:53,29-03-2019 03:58:58,29-03-2019 04:07:37,29-03-2019 04:07:37,29-03-2019 05:07:38,29-03-2019 10:30:41,29-03-2019 10:38:28,29-03-2019 15:06:35,29-03-2019 15:07:26,29-03-2019 15:07:26,29-03-2019 18:05:26,29-03-2019 18:09:11,29-03-2019 18:14:10,29-03-2019 18:16:16,29-03-2019 18:19:41
exploratory-run-7,exploratory-run-7_10,9,10,1,18,35162,424606,0.2762809191773138,1.48657555842,10,60,constant-HS rc,60,1,0.0,0.0,0.0,0.0,0.0,5.0,0.0,1.5,0.0,0.0,2.5,0.0,0.0,1.0,0.0,0.0,0.0,0.0,0.0,0.0,0.0,5.02,0.0,1.5100002,0.0,0.0,2.48,0.0,0.0,0.99000025,0.0,0.0,,,28-03-2019 22:13:23,,28-03-2019 22:13:25,28-03-2019 22:14:04,29-03-2019 00:14:43,29-03-2019 00:19:46,29-03-2019 02:11:50,29-03-2019 02:18:22,29-03-2019 02:18:25,29-03-2019 03:14:25,29-03-2019 03:24:10,29-03-2019 03:33:27,29-03-2019 03:33:27,29-03-2019 03:58:49,29-03-2019 03:43:28,29-03-2019 03:58:53,29-03-2019 03:58:58,29-03-2019 04:07:37,29-03-2019 04:07:37,29-03-2019 05:07:38,29-03-2019 10:30:41,29-03-2019 10:38:28,29-03-2019 15:06:35,29-03-2019 15:07:26,29-03-2019 15:07:26,29-03-2019 18:05:26,29-03-2019 18:09:11,29-03-2019 18:14:10,29-03-2019 18:16:16,29-03-2019 18:19:41
exploratory-run-7,exploratory-run-7_11,10,11,1,25,531071,80924,4.536861512130973,0.0,10,60,constant-HS rc,60,1,0.0,0.0,0.0,0.0,0.0,5.0,0.0,1.5,0.0,0.0,2.5,0.0,1.0,0.0,0.0,0.0,0.0,0.0,0.0,0.0,0.0,4.945,0.0,1.4799998,0.0,0.0,2.48,0.0,1.0,0.0,0.0,0.0,,,28-03-2019 22:13:23,,28-03-2019 22:13:25,28-03-2019 22:14:04,29-03-2019 00:14:43,29-03-2019 00:19:46,29-03-2019 02:11:50,29-03-2019 02:18:22,29-03-2019 02:18:25,29-03-2019 03:14:25,29-03-2019 03:24:10,29-03-2019 03:33:27,29-03-2019 03:33:27,29-03-2019 03:58:49,29-03-2019 03:43:28,29-03-2019 03:58:53,29-03-2019 03:58:58,29-03-2019 04:07:37,29-03-2019 04:07:37,29-03-2019 05:07:38,29-03-2019 10:30:41,29-03-2019 10:38:28,29-03-2019 15:06:35,29-03-2019 15:07:26,29-03-2019 15:07:26,29-03-2019 18:05:26,29-03-2019 18:09:11,29-03-2019 18:14:10,29-03-2019 18:16:16,29-03-2019 18:19:41
exploratory-run-7,exploratory-run-7_12,11,12,1,26,530923,82371,4.534917410045582,0.0,10,60,constant-HS rc,60,1,0.0,0.0,0.0,0.0,0.0,5.0,0.0,1.5,0.0,0.0,2.5,0.0,1.0,0.0,0.0,0.0,0.0,0.0,0.0,0.0,0.0,4.98,0.0,1.5099998,0.0,0.0,2.47,0.0,0.97999954,0.0,0.0,0.0,,,28-03-2019 22:13:23,,28-03-2019 22:13:25,28-03-2019 22:14:04,29-03-2019 00:14:43,29-03-2019 00:19:46,29-03-2019 02:11:50,29-03-2019 02:18:22,29-03-2019 02:18:25,29-03-2019 03:14:25,29-03-2019 03:24:10,29-03-2019 03:33:27,29-03-2019 03:33:27,29-03-2019 03:58:49,29-03-2019 03:43:28,29-03-2019 03:58:53,29-03-2019 03:58:58,29-03-2019 04:07:37,29-03-2019 04:07:37,29-03-2019 05:07:38,29-03-2019 10:30:41,29-03-2019 10:38:28,29-03-2019 15:06:35,29-03-2019 15:07:26,29-03-2019 15:07:26,29-03-2019 18:05:26,29-03-2019 18:09:11,29-03-2019 18:14:10,29-03-2019 18:16:16,29-03-2019 18:19:41
exploratory-run-7,exploratory-run-7_13,12,13,1,27,26076,183687,0.2402781433158152,0.11187488009000002,10,60,constant-HS rc,60,1,0.0,0.0,0.0,0.0,0.0,5.0,0.0,1.5,0.0,0.0,2.5,1.0,0.0,0.0,0.0,0.0,0.0,0.0,0.0,0.0,0.0,5.025,0.0,1.5,0.0,0.0,2.5,0.97999954,0.0,0.0,0.0,0.0,,,28-03-2019 22:13:23,,28-03-2019 22:13:25,28-03-2019 22:14:04,29-03-2019 00:14:43,29-03-2019 00:19:46,29-03-2019 02:11:50,29-03-2019 02:18:22,29-03-2019 02:18:25,29-03-2019 03:14:25,29-03-2019 03:24:10,29-03-2019 03:33:27,29-03-2019 03:33:27,29-03-2019 03:58:49,29-03-2019 03:43:28,29-03-2019 03:58:53,29-03-2019 03:58:58,29-03-2019 04:07:37,29-03-2019 04:07:37,29-03-2019 05:07:38,29-03-2019 10:30:41,29-03-2019 10:38:28,29-03-2019 15:06:35,29-03-2019 15:07:26,29-03-2019 15:07:26,29-03-2019 18:05:26,29-03-2019 18:09:11,29-03-2019 18:14:10,29-03-2019 18:16:16,29-03-2019 18:19:41
exploratory-run-7,exploratory-run-7_14,13,14,1,28,32016,179197,0.2636437713514112,0.0862546257900001,10,60,constant-HS rc,60,1,0.0,0.0,0.0,0.0,0.0,5.0,0.0,1.5,0.0,0.0,2.5,1.0,0.0,0.0,0.0,0.0,0.0,0.0,0.0,0.0,0.0,4.99,0.0,1.5099998,0.0,0.0,2.48,0.98,0.0,0.0,0.0,0.0,,,28-03-2019 22:13:23,,28-03-2019 22:13:25,28-03-2019 22:14:04,29-03-2019 00:14:43,29-03-2019 00:19:46,29-03-2019 02:11:50,29-03-2019 02:18:22,29-03-2019 02:18:25,29-03-2019 03:14:25,29-03-2019 03:24:10,29-03-2019 03:33:27,29-03-2019 03:33:27,29-03-2019 03:58:49,29-03-2019 03:43:28,29-03-2019 03:58:53,29-03-2019 03:58:58,29-03-2019 04:07:37,29-03-2019 04:07:37,29-03-2019 05:07:38,29-03-2019 10:30:41,29-03-2019 10:38:28,29-03-2019 15:06:35,29-03-2019 15:07:26,29-03-2019 15:07:26,29-03-2019 18:05:26,29-03-2019 18:09:11,29-03-2019 18:14:10,29-03-2019 18:16:16,29-03-2019 18:19:41
exploratory-run-7,exploratory-run-7_15,14,15,1,29,33960,276945,0.27143119372232,0.6440115561499999,10,60,constant-HS rc,60,1,0.0,0.0,0.0,0.0,0.0,5.0,0.0,2.5,0.0,2.5,0.0,0.0,0.0,0.0,0.0,0.0,0.0,0.0,0.0,0.0,0.0,5.015,0.0,2.5100002,0.0,2.52,0.0,0.0,0.0,0.0,0.0,0.0,,,28-03-2019 22:13:23,,28-03-2019 22:13:25,28-03-2019 22:14:04,29-03-2019 00:14:43,29-03-2019 00:19:46,29-03-2019 02:11:50,29-03-2019 02:18:22,29-03-2019 02:18:25,29-03-2019 03:14:25,29-03-2019 03:24:10,29-03-2019 03:33:27,29-03-2019 03:33:27,29-03-2019 03:58:49,29-03-2019 03:43:28,29-03-2019 03:58:53,29-03-2019 03:58:58,29-03-2019 04:07:37,29-03-2019 04:07:37,29-03-2019 05:07:38,29-03-2019 10:30:41,29-03-2019 10:38:28,29-03-2019 15:06:35,29-03-2019 15:07:26,29-03-2019 15:07:26,29-03-2019 18:05:26,29-03-2019 18:09:11,29-03-2019 18:14:10,29-03-2019 18:16:16,29-03-2019 18:19:41
exploratory-run-7,exploratory-run-7_16,15,16,1,30,29931,292322,0.25536852294846846,0.7317537945399999,10,60,constant-HS rc,60,1,0.0,0.0,0.0,0.0,0.0,5.0,0.0,2.5,0.0,2.5,0.0,0.0,0.0,0.0,0.0,0.0,0.0,0.0,0.0,0.0,0.0,4.985,0.0,2.5200002,0.0,2.5,0.0,0.0,0.0,0.0,0.0,0.0,,,28-03-2019 22:13:23,,28-03-2019 22:13:25,28-03-2019 22:14:04,29-03-2019 00:14:43,29-03-2019 00:19:46,29-03-2019 02:11:50,29-03-2019 02:18:22,29-03-2019 02:18:25,29-03-2019 03:14:25,29-03-2019 03:24:10,29-03-2019 03:33:27,29-03-2019 03:33:27,29-03-2019 03:58:49,29-03-2019 03:43:28,29-03-2019 03:58:53,29-03-2019 03:58:58,29-03-2019 04:07:37,29-03-2019 04:07:37,29-03-2019 05:07:38,29-03-2019 10:30:41,29-03-2019 10:38:28,29-03-2019 15:06:35,29-03-2019 15:07:26,29-03-2019 15:07:26,29-03-2019 18:05:26,29-03-2019 18:09:11,29-03-2019 18:14:10,29-03-2019 18:16:16,29-03-2019 18:19:41
