,AcidRed871_0gL,L-Cysteine-100gL,MethyleneB_250mgL,NaCl-3M,NaOH-1M,P10-MIX1,PVP-1wt,RhodamineB1_0gL,SDS-1wt,Sodiumsilicate-1wt,Target
0,0.24071468,1.0211588,0.0,0.26000059999999997,0.0,1.96,0.75911057,0.49360955,0.0,0.0,0.4725440958519361
1,0.0,1.7571294999999998,0.46028820000000004,0.0,0.21024476,1.28,0.0,0.0,0.72841126,0.25910398,0.17620783372809246
2,0.0,0.75436956,0.21013159,0.0,0.22025666,1.24,0.2872305,0.0,1.2443683,0.24913824,0.27006419696738
3,0.7422041,0.24839048,0.0,0.26896632,0.72083837,4.645,0.99504966,0.24176782,0.0,0.0,0.17575185320258846
4,0.51151943,0.24838960000000002,1.0106329,0.0,0.5005827,1.795,0.5026536,0.28206247,0.28327066,0.0,0.15330824370996207
5,0.23068467,0.24838960000000002,0.7504698000000001,0.78896666,0.0,3.68,0.24619853,0.49360955,0.9813316999999999,0.0,0.15938711719328005
6,0.2507447,1.2603495,0.24015106,0.26896632,0.73085123,4.285,0.0,0.0,0.22256933,0.23917247,0.783928789875228
7,0.2507447,0.48758024,0.0,0.2868978,0.9811426,2.26,0.0,0.50368345,0.26303658,0.75737953,0.3167038039301401
8,0.28083476,0.2299908,0.23014458,0.0,1.4917361999999998,0.99,0.0,0.49360955,0.0,0.7474147,0.15135861423856722
9,0.2507447,0.48758024,0.0,1.0041403,1.2214221,1.395,0.0,0.25184172,0.47549078,0.0,0.1916822508473282
10,0.4914594,0.49678009999999995,0.5003132,0.49310479999999995,0.75087404,1.93,0.0,0.25184172,0.50584096,0.0,0.2636238312999405
11,0.5115185,0.23918976,0.0,1.5151757,0.23026949,3.165,0.23594005,0.7454522,0.0,0.48830977,0.4483589584601992
12,0.99294883,0.24838960000000002,0.74046427,0.51103544,0.0,4.4,0.48213762,0.554052,0.25292048,0.0,0.15605869309088002
13,0.24071468,0.22079095,0.7604763000000001,0.0,0.24027947,2.2,0.74885213,0.49360955,0.23268639,0.0,0.16668829115357847
14,0.0,0.48758024,0.0,0.0,0.0,4.94,0.0,0.0,0.0,0.0,2.744416275348497
15,0.0,0.49678009999999995,0.0,0.0,0.0,4.975,0.0,0.0,0.0,0.0,2.7120160336816506
16,0.24071565,1.00276,0.0,0.26896632,0.0,1.96,0.7385927,0.49360955,0.0,0.0,0.4242641300691602
17,0.0,1.72953,0.4903067,0.0,0.2703151,1.39,0.0,0.0,0.72841126,0.24913824,0.1819077841704008
18,0.0,0.76356936,0.22013807,0.0,0.22025666,1.39,0.24619755,0.0,1.2544853999999999,0.24913824,0.2990419633929698
19,0.7422041,0.23918976,0.0,0.25103486,0.7708978,4.76,1.0053082,0.25184172,0.0,0.0,0.22569637069721404
20,0.4914594,0.24838960000000002,0.9806134,0.0,0.47054799999999997,2.0,0.49239609999999995,0.25184172,0.25292048,0.0,0.16004091191990485
21,0.27080473,0.24839048,0.7304568,0.7531054,0.0,3.795,0.24619755,0.48353565,0.9813316999999999,0.0,0.15158181763402445
22,0.26077473,1.2511497,0.22013807,0.26896632,0.74086213,4.375,0.0,0.0,0.25292048,0.24913824,1.020435539423172
23,0.26077473,0.4783804,0.0,0.25103486,0.97113067,2.4,0.0,0.48353565,0.23268639,0.72748417,0.3308744850834541
24,0.2507447,0.2299908,0.24015011,0.0,1.5217718,0.995,0.0,0.50368345,0.0,0.7474147,0.1494662242725832
25,0.24071468,0.48758113,0.0,1.0041403,1.2614676999999999,1.39,0.0,0.24176878,0.48560783,0.0,0.2086380665969672
26,0.5014894,0.48758024,0.4903067,0.5110363,0.7408630999999999,2.01,0.0,0.24176782,0.49572390000000005,0.0,0.32948678849739604
27,0.4914594,0.24838960000000002,0.0,1.5062098999999998,0.25029135,3.215,0.25645602,0.7655991,0.0,0.48831168,0.51093522738722
28,0.0,0.24838960000000002,0.0,0.0,0.0,3.795,0.0,0.0,0.24280439999999998,4.2453156,2.6142648143896343
29,0.27080378,1.2327508,0.0,0.0,0.50058365,3.375,0.0,1.9945869999999999,0.0,0.0,1.290683341886904
30,0.0,0.48758113,0.0,0.0,0.0,4.995,0.0,0.0,0.0,0.0,3.2438900282297007
31,0.0,0.4783804,0.0,0.0,0.0,4.995,0.0,0.0,0.0,0.0,2.9886851720646685
32,0.0,0.27599,0.0,4.2586317000000005,0.0,4.98,0.0,0.0,0.0,0.0,1.9487749446692049
33,0.24071468,0.73597074,0.23014362,0.0,0.26030323,5.0,0.0,0.0,0.0,0.0,1.1671441789957442
34,0.0,0.28518897,3.7523491,0.49310479999999995,0.0,5.02,0.0,0.0,0.0,0.0,0.0
35,0.0,0.24838960000000002,0.0,1.5062108,0.22025666,5.005,0.0,0.7454513,0.47549078,0.7573805,0.20308354431601996
36,0.24071468,0.25759032,0.0,0.0,0.9611188,4.99,0.4923951,0.7555251999999999,0.0,0.72748417,0.16704331943220502
37,0.0,2.4839013,0.0,1.2462102,0.0,4.995,0.0,0.0,0.0,0.0,4.874229131265545
38,0.0,0.2299908,0.0,0.0,4.495232,4.985,0.0,0.0,0.0,0.0,0.8424604143113281
39,4.5134050000000006,0.23919064,0.0,0.0,0.0,5.0,0.0,0.0,0.0,0.0,0.6114159022599751
40,0.26077473,0.23919064,2.5115726,0.7441396,0.0,5.065,0.5026536,0.0,0.0,0.0,0.0
41,0.0,0.48758024,0.48030022,0.0,0.23026854,5.05,0.24619755,0.0,0.0,0.0,1.5160761785093444
42,0.0,0.23919064,4.2626686,0.0,0.0,4.99,0.0,0.0,0.0,0.0,0.0
43,0.0,0.47838128,0.0,3.9986292999999997,0.0,4.98,0.0,0.0,0.0,0.0,2.814925955972873
44,0.24071468,0.48758024,0.0,0.7531054,1.2314329,4.97,0.0,0.0,0.23268734,0.0,1.00038899415224
45,0.0,0.2299908,0.0,0.0,0.0,4.97,4.246912,0.0,0.0,0.0,1.6587199337604608
46,0.0,0.4783804,0.0,0.0,0.0,5.01,0.0,0.0,0.0,0.0,3.0860233162470685
47,0.0,0.48758024,0.0,0.0,0.0,4.97,0.0,0.0,0.0,0.0,3.0907015568488707
48,0.5014894,0.47838128,0.49030766,0.25103486,0.23026758,4.985,0.48213762,0.0,0.0,0.0,0.882000191146452
49,0.0,4.72861,0.0,0.0,0.0,4.985,0.0,0.0,0.0,0.0,5.123514471462769
50,0.0,0.2299908,0.0,0.0,4.2449417,5.005,0.0,0.0,0.0,0.0,0.7237243175249407
51,0.27080473,0.48758024,0.0,0.49310479999999995,0.74086213,5.01,0.2256806,0.0,0.0,0.0,4.86563769962628
52,0.0,0.48758024,0.0,4.240699299999999,0.0,4.98,0.0,0.0,0.0,0.0,2.3945401948346183
53,0.23068562,0.2299908,1.2407765,0.0,0.47054799999999997,5.01,0.0,0.7454513,0.0,0.7573805,0.0
54,0.0,0.2299908,4.4928126,0.0,0.0,4.99,0.0,0.0,0.0,0.0,0.0
55,0.0,0.23919064,0.0,0.7351739,0.0,5.01,3.4775440000000004,0.0,0.0,0.0,1.2100285377552324
56,0.24071565,0.98436034,1.7410907,0.0,0.0,5.04,0.0,0.0,0.23268639,0.0,0.14998333388136126
57,4.2225410000000005,0.24838960000000002,0.0,0.0,0.0,5.015,0.0,0.0,0.0,0.0,0.6677084411249624
58,0.0,4.4894204,0.0,0.0,0.0,4.975,0.0,0.0,0.0,0.0,5.503283488318937
59,2.7581917999999996,0.27598915,0.0,0.0,1.4516906,5.015,0.0,0.0,0.0,0.0,0.16842654569346005
60,0.0,0.23919064,1.0006274,0.0,0.48055893,5.02,0.23593907,0.7555251999999999,0.0,0.73744893,0.17181378426944185
61,0.4914594,0.7267709,0.7404633,0.0,0.0,5.005,0.49239609999999995,0.0,0.24280342,0.0,0.3074533113880801
62,0.0,0.48758024,0.0,0.0,0.0,4.985,0.0,0.0,0.0,0.0,3.0364105583976047
63,0.0,0.48758113,0.0,0.0,0.0,5.0,0.0,0.0,0.0,0.0,2.747445952526876
64,0.0,3.5234589999999995,0.0,0.0,0.0,4.19,0.0,0.0,0.0,0.50824225,6.26327716594938
65,0.0,2.9990792,0.0,0.0,0.0,4.6,0.0,0.0,0.0,1.1958634,8.468736411987495
66,0.0,3.2474706,0.0,0.0,0.0,4.2,0.0,0.0,0.0,1.4848636,8.719445229111992
67,0.0,3.23827,0.0,0.0,0.0,4.805,0.0,0.0,0.0,1.2257596000000002,8.934360516907711
68,0.0,2.9898813,0.0,0.0,0.0,4.595,0.0,0.0,0.0,0.7573805,8.039154098726879
69,0.0,3.2382708,0.0,0.0,0.0,4.75,0.0,0.0,0.0,0.9865881,8.902232243898348
70,0.0,2.9990792,0.0,0.0,0.0,4.805,0.0,0.0,0.0,1.2357254,10.11013307045359
71,0.0,0.2299908,0.7204513000000001,0.0,0.0,1.79,3.7852905,0.0,0.0,0.0,0.1602984343718578
72,0.0,3.229071,0.0,0.0,0.0,4.19,0.0,0.0,0.0,0.7573805,8.300328859224203
73,0.0,3.4866605,0.0,0.0,0.0,4.335,0.0,0.0,0.0,0.75737953,8.76052910326865
74,0.0,3.229071,0.0,0.0,0.0,4.85,0.0,0.0,0.0,1.4948294,11.052185616286387
75,0.0,4.2410307000000005,0.0,0.0,0.0,4.835,0.24619755,0.0,0.0,0.23917247,6.004935755395341
76,0.0,0.22079095,0.74046427,0.0,0.0,1.51,3.7545161,0.0,0.0,0.0,0.1658559392824648
77,0.0,3.2382708,0.0,0.0,0.0,4.57,0.0,0.0,0.0,0.72748417,9.252018356561184
78,0.0,0.50597996,0.0,0.0,0.0,4.94,0.0,0.0,0.0,0.0,3.7325988474979503
79,0.0,0.48757938,0.0,0.0,0.0,4.975,0.0,0.0,0.0,0.0,3.5294775736293214
80,0.0,3.7534506000000003,0.0,0.0,0.0,4.37,0.2256806,0.0,0.0,0.73744893,5.323435923037284
81,0.0,3.7350510000000003,0.0,0.0,0.0,4.98,0.25645602,0.0,0.0,0.72748417,6.148709984070241
82,0.0,3.2474706,0.0,0.0,0.0,4.555,0.0,0.0,0.0,1.255657,9.08334248922149
83,0.0,3.23827,0.0,0.0,0.0,3.595,0.0,0.0,0.0,1.255657,8.26902384278854
84,0.0,3.24747,0.0,0.0,0.0,4.365,0.0,0.0,0.0,0.99655294,8.468700817031399
85,0.0,3.2474706,0.0,0.0,0.0,4.77,0.0,0.0,0.0,0.98658717,8.821016097337116
86,0.0,3.008279,0.0,0.0,0.0,5.02,0.0,0.0,0.0,1.4948294,10.684920416846506
87,0.0,4.0018400000000005,0.0,0.0,0.0,4.465,0.23593907,0.0,0.0,0.0,4.715763587039434
88,0.0,3.2658702999999996,0.0,0.0,0.0,4.785,0.0,0.0,0.0,1.2456912,9.947156339700054
89,0.0,2.9806814,0.0,0.0,0.0,4.375,0.0,0.0,0.0,1.5047952,10.620577020327614
90,0.0,3.2566697999999996,0.0,0.0,0.0,4.965,0.0,0.0,0.0,1.2357254,10.459311547798814
91,0.0,0.23919064,1.0006274,0.0,0.0,2.54,3.4980612,0.0,0.0,0.0,0.1572217196521472
92,0.0,3.01748,0.0,0.0,0.0,4.425,0.0,0.0,0.0,0.99655294,9.063864691338855
93,0.0,3.2382708,0.0,0.0,0.0,5.055,0.0,0.0,0.0,1.4848636,11.34892135887782
94,0.0,0.46918055,0.0,0.0,0.0,5.085,0.0,0.0,0.0,0.0,3.4340379843228046
95,0.0,0.50597996,0.0,0.0,0.0,5.1,0.0,0.0,0.0,0.0,3.397814746873544
96,0.26077473,2.4839005000000003,0.0,0.25103486,0.0,4.965,0.0,0.0,0.0,0.7474147,2.5183092003318466
97,0.0,2.9806814,0.0,0.0,0.0,5.04,0.0,0.0,0.0,1.7439677,9.82796094566309
98,0.0,3.4866614,0.0,0.0,0.0,4.41,0.23593907,0.0,0.0,0.7274832,5.801724972381004
99,0.0,2.9806805,0.0,0.0,0.0,4.95,0.0,0.23169488,0.0,1.2456912,2.0384911167371755
100,0.0,3.008279,0.0,0.0,0.0,4.95,0.0,0.7454513,0.0,0.7374499,1.7263842425256202
101,0.0,2.74149,0.0,0.0,0.0,4.945,0.0,0.0,0.0,1.9831411,10.584922160235932
102,0.0,3.5142599999999997,0.0,0.0,0.0,1.94,0.0,0.0,0.23268639,0.7274832,2.7547733070281417
103,0.0,3.73505,0.0,0.0,0.0,3.7,0.0,0.0,0.0,0.99655294,8.35144243349786
104,0.0,2.4839013,0.0,0.0,0.0,2.365,0.0,0.0,0.0,1.7539334,8.922908307884542
105,0.0,2.732291,0.23014362,0.0,0.0,4.365,0.0,0.0,0.0,1.5047952,2.819886911706848
106,0.0,1.9963202000000002,0.0,0.0,0.0,4.975,0.0,0.0,0.0,2.7704169999999997,13.016154120231493
107,0.0,3.5050592000000003,0.0,0.0,0.0,2.97,0.25645602,0.0,0.0,0.49827647,5.354290957223943
108,0.0,2.9898803,0.0,0.0,0.0,4.98,0.9745326999999999,0.23169488,0.0,0.0,2.279825522753016
109,0.0,3.7534497000000004,0.0,0.2510357,0.0,4.455,0.23593907,0.0,0.0,0.0,5.267631686813312
110,0.0,0.49678096,0.0,0.0,0.0,5.05,0.0,0.0,0.0,0.0,3.6528747635629433
111,0.0,0.48758113,0.0,0.0,0.0,5.05,0.0,0.0,0.0,0.0,3.3644833721311245
112,0.0,2.2355107999999997,0.0,0.0,0.0,4.15,0.0,0.24176782,0.49572390000000005,1.255657,0.6372622405674512
113,0.0,2.4747014,0.0,0.0,0.0,3.37,0.0,0.0,0.24280342,1.2456912,3.045829174817225
114,0.0,1.7387298,0.0,0.51103544,0.0,4.205,0.0,0.0,0.0,1.9931058999999998,10.767050405280312
115,0.0,1.9871203999999998,0.0,0.0,0.0,2.175,0.0,0.22162098,0.0,1.9731753,1.3882660392415431
116,0.0,2.2447107,0.0,0.0,0.0,4.97,0.0,0.0,0.0,2.501348,10.98471849032744
117,0.0,2.4838996,0.0,0.0,0.0,4.375,0.0,0.0,0.0,1.9931058999999998,10.154543721480184
118,0.0,2.7230911,0.0,0.0,0.0,3.215,0.0,0.25184172,0.0,1.4948294,2.070353444071994
119,0.0,3.7442498,0.0,0.0,0.0,3.185,0.0,1.0073669,0.0,0.0,1.3913516718265286
120,0.2507447,3.7442498,0.0,0.0,0.0,4.83,0.0,0.5137564,0.0,0.0,1.051048647553902
121,0.23068562,2.7598906000000003,0.0,0.0,0.0,3.63,0.0,0.0,0.0,1.4848636,3.708388929262617
122,0.4914594,0.22079095,0.0,0.7351739,0.0,4.795,0.27697298,0.0,0.0,1.9931058999999998,0.9794022239241728
123,0.0,2.4839013,0.2501566,0.0,0.49056986,4.81,0.0,0.0,0.0,0.99655294,3.772186280656944
124,0.0,1.2511504999999998,0.0,1.2641408,0.0,4.37,0.0,0.0,0.0,2.2422442000000005,5.3198458174113785
125,0.0,1.5271386999999998,0.0,0.0,0.0,3.395,0.0,0.0,0.0,2.9996235,12.455624373718145
126,0.0,0.49678009999999995,0.0,0.0,0.0,5.0,0.0,0.0,0.0,0.0,3.3432043262088813
127,0.0,0.9659615,0.0,0.0,0.7408630999999999,5.01,0.0,0.0,0.0,2.7405207000000003,13.083678477789233
128,0.0,1.9779205000000002,0.0,0.0,0.0,4.985,0.0,0.0,0.0,2.7305547999999997,10.467841696821589
129,0.0,0.49678009999999995,0.0,0.0,0.0,4.975,0.0,0.0,0.0,3.7271087,11.170268448746278
130,0.0,1.72953,0.0,0.0,0.0,4.995,0.0,0.0,0.0,2.9996245,10.72135999584616
131,0.0,2.00552,0.0,0.0,0.0,5.015,0.0,0.0,0.0,2.4913824,10.756139233869138
132,0.0,1.5087391,0.0,0.0,0.22025761,5.195,0.0,0.0,0.0,2.7405207000000003,13.166607058484306
133,0.0,0.25758946,0.0,0.0,0.0,3.825,0.0,0.0,0.0,4.4844894,7.629740634137766
134,0.0,0.24839048,0.0,0.0,0.0,3.775,0.0,0.0,0.0,4.2453145999999995,7.544421513504716
135,0.0,0.98436034,0.0,0.0,0.0,4.415,0.0,0.0,0.0,3.497901,12.30882040573373
136,0.0,0.23919064,0.0,0.0,0.47054705,4.965,0.0,0.0,0.0,3.5078669000000002,3.5000465281766875
137,0.0,1.2235501,0.0,0.0,0.0,3.775,0.0,0.0,0.0,2.9896588,11.65694142590703
138,0.0,1.2235508999999998,0.0,0.0,0.79092157,3.545,0.0,0.0,0.0,2.501348,13.165987890721896
139,0.0,1.5087391,0.0,0.0,0.0,5.2,0.0,0.0,0.0,2.9996245,12.723417665261954
140,0.0,0.47838128,0.0,0.0,0.0,4.985,0.0,0.0,0.0,0.0,3.34500918443238
141,0.0,0.50597996,0.0,0.0,0.0,5.0,0.0,0.0,0.0,0.0,3.2247290813011253
142,0.0,1.7387298,0.0,0.0,0.0,2.765,0.0,0.0,0.0,2.4814167,8.36631465218136
143,0.0,0.72677,0.0,1.4972451,0.0,2.315,0.0,0.0,0.0,2.25221,3.832020730933767
144,0.0,1.4903412,0.0,0.0,0.5105936,4.97,0.0,0.0,0.0,2.760452,13.947276755411911
145,0.0,1.9779214,0.0,0.0,0.0,2.975,0.0,0.0,0.0,2.7305547999999997,9.69044833309536
146,0.0,0.24838872,0.0,1.2641408,0.0,3.335,0.0,0.0,0.0,3.2288322,9.13120337676656
147,0.0,0.23919064,0.0,0.0,0.7208393,5.235,0.0,0.0,0.0,3.2487619999999997,3.236554458402992
148,0.0,0.23918976,0.0,0.50207055,0.7208403,3.85,0.0,0.0,0.0,2.7604509999999998,2.6416532094049563
149,0.0,0.23919064,0.0,1.255176,0.0,4.045,0.0,0.0,0.0,2.9796932000000003,4.204087105475495
150,0.0,1.2327508,0.0,0.78000176,0.0,3.195,0.0,0.0,0.0,2.4814177,2.883082203436851
151,0.0,0.24839048,0.0,0.0,0.0,2.98,0.0,0.0,0.0,4.494455,8.0728811038051
152,0.0,1.4903402000000001,0.0,0.0,0.46053517,3.125,0.0,0.0,0.0,2.2223127000000003,12.786963190882386
153,0.0,0.2299908,0.0,0.0,0.47054705,1.685,0.0,0.0,0.0,3.7570040000000002,2.706878380757401
154,0.0,2.2447107,0.0,0.0,0.0,3.975,0.0,0.0,0.0,2.501348,12.39238251661052
155,0.0,0.50597906,0.0,0.0,0.0,4.955,0.0,0.0,0.0,0.0,3.8980440255661564
156,0.0,1.4995393,0.0,0.0,0.5005827,4.96,0.0,0.0,0.0,2.501348,12.384078121996733
157,0.0,1.2327508,0.0,0.0,0.47054705,4.925,0.0,0.0,0.0,2.4913824,13.322784120228095
158,0.0,1.2419506,0.0,0.0,0.48055893,4.82,0.0,0.0,0.0,2.7405207000000003,14.138897820108228
159,0.0,0.7359716,0.0,0.0,0.0,1.88,0.0,0.0,0.0,3.497901,8.950208219893952
160,0.0,1.2419506,0.0,0.0,0.9911535,4.4,0.0,0.0,0.0,1.9931058999999998,14.47267358364577
161,0.0,1.9963185,0.0,0.0,0.9911554,2.385,0.0,0.0,0.0,1.2456912,11.626308006583425
162,0.0,0.98436034,0.0,0.0,0.0,4.555,0.0,0.0,0.0,3.2487619999999997,12.35262360372251
163,0.0,1.00276,0.0,0.22413847,0.96111786,1.53,0.0,0.0,0.0,1.2357264,8.66396216764493
164,0.0,1.7571294999999998,0.0,0.0,0.23026758,3.415,0.0,0.0,0.0,2.4714508,13.072460185518223
165,0.0,1.7755293,0.0,0.0,0.0,3.2,0.0,0.0,0.0,2.760452,11.522633721293824
166,0.0,1.7387298,0.0,0.0,0.46053708,4.95,0.0,0.0,0.0,2.2422442000000005,16.050879013385686
167,0.0,1.7387298,0.0,0.0,0.0,3.78,0.0,0.0,0.0,2.9896588,11.663710272060495
168,0.0,0.23919064,0.0,0.49310395,0.0,4.03,0.0,0.0,0.0,3.5078660000000004,9.479991627791174
169,0.0,2.244709,0.0,0.0,0.0,1.56,0.0,0.0,0.0,2.2123477000000005,8.03905000296503
170,0.0,0.5059808,0.0,0.0,0.0,4.985,0.0,0.0,0.0,0.0,3.39742587493196
171,0.0,0.48758113,0.0,0.0,0.0,4.98,0.0,0.0,0.0,0.0,3.2506622953620044
172,0.0,2.9990792,0.0,0.0,0.23026758,4.16,0.0,0.0,0.0,1.5247258,9.77373523571425
173,0.0,1.241949,0.0,0.0,0.4905708,4.865,0.0,0.0,0.0,2.4913824,12.352366469735664
174,0.0,0.75436956,0.0,0.0,0.0,4.415,0.0,0.0,0.0,3.9961765,10.901189436432713
175,0.0,1.00276,0.0,0.7531054,0.23026949,2.765,0.2667145,0.0,0.0,1.4848636,3.5242267109560315
176,0.0,1.9963210999999998,0.0,0.0,0.9711296999999999,4.81,0.25645602,0.0,0.0,0.98658717,9.345387171058775
177,0.0,0.73596984,0.0,0.50207055,0.0,2.6,0.21542310000000003,0.0,0.0,2.2621746,4.787700499132673
178,0.0,2.226311,0.0,0.0,0.0,3.4,0.0,0.0,0.0,2.2621756,10.134260377174895
179,0.0,1.517939,0.0,0.0,0.47054896,4.915,0.22568157,0.0,0.0,2.461486,9.88861298777216
180,0.0,1.2419506,0.0,0.0,0.4905708,4.66,0.0,0.0,0.0,2.7504863999999998,14.548145480801006
181,0.0,1.72953,0.0,0.0,0.0,3.425,0.0,0.0,0.0,2.7504863999999998,11.369728643307464
182,0.0,1.2419506,0.0,0.0,0.0,1.995,0.0,0.0,0.0,3.2288313,10.215747584787279
183,0.0,1.4811413,0.0,0.26000059999999997,0.4905708,3.77,0.0,0.0,0.0,2.2422442000000005,14.234870998917275
184,0.0,1.5363386,0.0,0.0,0.74086213,3.755,0.5026536,0.0,0.0,1.4748988,8.793620308447673
185,0.0,0.47837952,0.0,0.0,0.25029135,2.83,0.0,0.0,0.0,3.7470392999999995,10.530262972791173
186,0.0,0.49677920000000003,0.0,0.0,0.0,5.005,0.0,0.0,0.0,0.0,3.379959981200412
187,0.0,0.48758113,0.0,0.0,0.0,4.96,0.0,0.0,0.0,0.0,3.0359876959599923
188,0.0,1.4995409,0.0,0.0,0.4905708,5.035,0.0,0.0,0.0,2.501348,11.5424367123266
189,0.0,1.2419506,0.0,0.0,0.47054705,4.81,0.0,0.0,0.0,2.4814177,12.8665546395039
190,0.0,1.5363386,0.0,0.0,0.47054896,4.99,0.0,0.0,0.0,2.2621756,13.000766797832863
191,0.0,1.2419506,0.0,0.0,0.4905708,4.85,0.0,0.0,0.0,2.7405207000000003,13.023939129136526
192,0.0,1.2419506,0.0,0.0,0.4905708,4.595,0.0,0.0,0.0,2.4814167,12.987870353875966
193,0.0,1.4995393,0.0,0.0,0.4905708,5.03,0.24619755,0.0,0.0,2.2322783,8.929775115188326
194,0.0,2.2355099,0.0,0.0,0.74086213,4.98,0.0,0.0,0.0,1.4948294,14.252756517680117
195,0.0,1.4995409,0.0,0.5110363,0.0,3.16,0.0,0.0,0.0,0.48831072,7.274715282943943
196,0.0,0.7451696999999999,0.0,0.0,0.0,2.795,0.0,0.0,0.0,3.7370737000000003,10.384739996518313
197,0.0,0.98436207,0.0,0.25103486,0.74086213,2.115,0.24619853,0.0,0.0,1.5247258,5.410865978530438
198,0.0,1.9871203999999998,0.0,0.2510357,0.0,3.63,0.0,0.0,0.0,2.2322783,11.85438109997324
199,0.0,1.7203319,0.0,0.0,0.75087404,5.065,0.0,0.0,0.0,2.0230021000000002,15.307411486268926
200,0.0,0.2299908,0.0,0.0,0.0,3.21,0.0,0.0,0.0,4.235348999999999,7.0020380909274005
201,0.0,0.7451696999999999,0.0,0.0,0.0,2.205,0.0,0.0,0.0,3.7370737000000003,10.418445983816554
202,0.0,0.49678096,0.0,0.0,0.0,4.995,0.0,0.0,0.0,0.0,3.2001394600590576
203,0.0,0.48758113,0.0,0.0,0.0,4.94,0.0,0.0,0.0,0.0,3.0284784056425047
204,0.0,1.4811413,0.0,0.0,0.48055893,4.8,0.0,0.0,0.0,1.9831401000000002,12.067495206974678
205,0.0,1.4811413,0.0,0.0,0.5005827,4.545,0.0,0.0,0.0,1.9931058999999998,12.835308978978247
206,0.0,1.7295308999999996,0.0,0.24206996,0.7308503000000001,1.755,0.0,0.0,0.0,0.7474147,8.564358549543575
207,0.0,1.7571304,0.0,0.0,0.72083837,4.955,0.27697298,0.0,0.0,1.9731743000000002,8.753400871257089
208,0.0,1.4995401000000002,0.0,0.0,1.4817243,3.19,0.0,0.0,0.0,1.4649332,13.481995690085167
209,0.0,1.7479306000000001,0.0,0.0,0.7108265,4.82,0.0,0.0,0.0,1.9931058999999998,14.758243432462692
210,0.0,1.4995393,0.0,0.0,0.0,4.215,0.0,0.0,0.0,2.7305547999999997,11.192505845583025
211,0.0,1.7571294999999998,0.0,0.26896632,0.24027947,4.21,0.0,0.0,0.0,0.24913824,10.818235235911141
212,0.0,1.7479296999999998,0.0,0.0,0.0,4.36,0.0,0.0,0.0,2.4913824,10.829056867369745
213,0.0,0.47837952,0.0,0.0,0.0,5.055,0.0,0.0,0.0,4.225385,11.653276643635586
214,0.0,2.5023,0.0,0.0,0.0,4.635,0.0,0.0,0.0,2.2223136,11.21987341058966
215,0.0,0.98436034,0.0,0.0,0.9711296999999999,2.14,0.23594005,0.0,0.0,0.98658717,6.030225589685111
216,0.0,1.9871212,0.0,0.0,0.0,4.65,0.0,0.0,0.0,2.4714508,11.58061917075288
217,0.0,2.014719,0.0,0.24206910000000004,0.7608859,5.015,0.0,0.0,0.0,1.7439677,16.86850214419442
218,0.0,0.48757938,0.0,0.0,0.0,5.025,0.0,0.0,0.0,0.0,3.5048158517480754
219,0.0,0.49678096,0.0,0.0,0.0,4.97,0.0,0.0,0.0,0.0,3.0349469226030608
220,0.0,0.97516227,0.0,0.0,0.0,4.19,0.0,0.0,0.0,3.497901,9.879281778912818
221,0.0,1.4903393999999999,0.0,0.0,0.48056084,4.215,0.0,0.0,0.0,1.9931058999999998,11.715216784789405
222,0.0,1.50874,0.0,0.0,0.74086213,4.375,0.0,0.0,0.0,2.2322783,13.541461504323996
223,0.0,2.2447097,0.0,0.0,0.22025569,1.78,0.0,0.0,0.0,1.9831401000000002,7.6898229821452
224,0.0,1.7479296999999998,0.0,0.0,0.72083837,4.38,0.0,0.0,0.0,2.2422442000000005,13.595686578489985
225,0.0,1.2695484,0.0,0.24206910000000004,0.0,3.63,0.0,0.0,0.0,3.2587285,11.638061381145347
226,0.0,2.9898813,0.0,0.0,0.0,4.475,0.0,0.0,0.0,1.4848636,8.882527063855486
227,0.0,0.24839048,0.0,0.0,0.0,3.285,0.0,0.0,0.0,4.4844875,6.595518603152605
228,0.0,1.9963210999999998,0.0,0.0,0.9811416,1.965,0.0,0.0,0.0,1.7539334,10.474162531541877
229,0.0,0.9935601999999999,0.0,0.0,0.0,0.98,0.0,0.0,0.0,3.2587276000000003,5.3498513841995505
230,0.0,1.4903402000000001,0.0,0.0,0.75087404,4.57,0.0,0.0,0.0,1.9731753,15.022228014984133
231,0.0,1.7387298,0.0,0.0,0.0,3.605,0.0,0.0,0.0,2.7405207000000003,10.548156650280976
232,0.0,1.7571294999999998,0.0,0.0,0.0,4.15,0.0,0.0,0.0,2.7405207000000003,11.564517305314073
233,0.0,1.7479296999999998,0.0,0.0,0.48055893,3.745,0.0,0.0,0.0,2.25221,14.723334024031255
234,0.0,0.48758113,0.0,0.0,0.0,5.015,0.0,0.0,0.0,0.0,3.0667011542755134
235,0.0,0.47837952,0.0,0.0,0.0,5.085,0.0,0.0,0.0,0.0,2.9697510054031246
236,0.0,1.7387298,0.0,0.0,0.7208403,4.41,0.0,0.0,0.0,2.0030706,4.665261164981684
237,0.0,1.7571304,0.0,0.0,0.74086213,4.655,0.0,0.0,0.0,1.9831401000000002,7.370351467059418
238,0.0,1.7479296999999998,0.0,0.0,0.48056084,4.355,0.0,0.0,0.0,1.9731753,7.933836531724131
239,0.0,1.7571294999999998,0.0,0.24206996,0.72083837,4.995,0.0,0.0,0.0,1.7539334,9.1155866109474
240,0.0,2.2447107,0.0,0.26896632,1.2614686000000002,1.4,0.0,0.0,0.0,0.23917247,4.577556119097514
241,0.0,1.9871212,0.0,0.0,0.26030132,4.56,0.0,0.0,0.0,2.2422442000000005,9.416611099902056
242,0.0,0.75436956,0.0,0.0,0.4905708,4.555,0.0,0.0,0.0,3.0095904,10.29604727537124
243,0.0,2.00552,0.0,0.0,0.72083837,2.775,0.0,0.0,0.0,0.48831072,9.141104477091677
244,0.0,1.9871212,0.0,0.0,0.22025569,3.605,0.0,0.0,0.0,2.2322792999999996,10.36973530415497
245,0.0,1.2327508,0.0,0.0,0.0,2.975,0.0,0.0,0.0,3.2387972,9.609651377075233
246,0.0,1.7571294999999998,0.0,0.49310479999999995,0.0,3.0,0.0,0.0,0.0,2.4913824,8.112914981928514
247,0.0,1.9779214,0.0,0.0,1.2414448,2.79,0.0,0.0,0.0,1.255657,12.743646457579908
248,0.0,1.7479306000000001,0.0,0.0,0.7308503000000001,4.815,0.0,0.0,0.0,1.7439677,15.215855705695365
249,0.0,0.50597906,0.0,0.0,0.0,5.01,0.0,0.0,0.0,0.0,3.1697383737891562
250,0.0,0.48758113,0.0,0.0,0.0,4.97,0.0,0.0,0.0,0.0,2.8558348229624015
251,0.0,1.0211588,0.0,0.5110363,1.2614686000000002,4.37,0.0,0.0,0.0,1.2357254,0.0
252,0.0,1.7479306000000001,0.0,0.24206910000000004,0.9711296999999999,4.83,0.0,0.0,0.0,1.7340019,13.569705340792368
253,0.0,1.7295308999999996,0.0,0.0,0.7108284,4.805,0.0,0.0,0.0,1.7439677,13.292440198742742
254,0.0,1.7295308999999996,0.0,0.23310421,1.0011654,4.985,0.0,0.0,0.0,1.5047941999999999,14.306687005549795
255,0.0,0.7359716,0.0,0.0,0.0,4.565,0.0,0.0,0.0,3.4879352999999997,10.537018407724576
256,0.0,1.7847291,0.0,0.0,0.74086213,4.625,0.0,0.0,0.0,1.7638991999999998,14.71422175406448
257,0.0,1.4903412,0.0,0.0,0.48055893,2.4,0.0,0.0,0.0,0.72748417,11.210883416046414
258,0.0,1.4903402000000001,0.0,0.0,2.4828906,4.175,0.0,0.0,0.0,0.21924192,14.747483331351487
259,0.0,1.7295308999999996,0.0,0.0,0.48055893,3.04,0.0,0.0,0.0,2.0030715,13.506662235069028
260,0.0,2.7690895,0.0,0.5289669,0.0,4.225,0.0,0.0,0.0,0.73744893,9.853652867458
261,0.0,1.011959,0.0,0.0,0.75087404,3.98,0.0,0.0,0.0,1.9831401000000002,15.370843349343689
262,0.0,2.9990802000000003,0.0,0.0,0.0,3.4,0.0,0.0,0.0,1.7539334,9.8001222139025
263,0.0,0.98436034,0.0,0.0,0.0,4.005,0.23593907,0.0,0.0,3.2487627999999997,7.783503525721003
264,0.0,1.7387308000000001,0.0,0.26000145,1.2714803999999997,5.015,0.0,0.0,0.0,1.2556559999999999,17.972394617671586
265,0.0,0.48758113,0.0,0.0,0.0,4.99,0.0,0.0,0.0,0.0,3.479045085325043
266,0.0,0.48757938,0.0,0.0,0.0,4.995,0.0,0.0,0.0,0.0,3.139265725987472
267,0.0,1.7479296999999998,0.0,0.26896632,0.0,4.615,0.0,0.0,0.0,2.4913824,11.422529959278032
268,0.0,0.48757938,0.0,0.0,0.0,4.98,0.0,0.0,0.0,3.9862117999999995,11.106045505103356
269,0.0,2.4838996,0.0,0.49310479999999995,0.74086404,4.385,0.0,0.0,0.0,0.4783459,13.85786927502756
270,0.0,0.24838872,0.0,0.0,0.0,4.575,0.0,0.0,0.0,4.23535,6.769879611104505
271,0.0,1.2235519,0.0,0.0,0.0,2.4,0.0,0.0,0.0,3.4879352999999997,10.35093061452753
272,0.0,1.5363386,0.0,0.0,0.0,3.45,0.0,0.0,0.0,3.2387972,11.534501075598078
273,0.0,0.9935601999999999,0.0,0.0,0.0,3.075,0.0,0.0,0.0,3.7370737000000003,12.46877400157662
274,0.0,0.75436956,0.0,0.0,0.0,3.355,0.0,0.0,0.0,3.7470392999999995,12.136392970649402
275,0.0,1.7387298,0.0,0.26000059999999997,0.9711315999999999,4.855,0.0,0.0,0.0,1.7240361000000002,17.63328627412384
276,0.0,1.7387298,0.0,0.0,0.7308503000000001,4.8,0.0,0.0,0.0,1.7439677,17.068694416463927
277,0.0,2.4747014,0.0,0.0,0.74086213,2.395,0.0,0.0,0.0,1.4848636,14.237996715994889
278,0.0,0.9659606,0.0,0.0,0.0,2.0,0.0,0.0,0.0,3.5078660000000004,10.409856882752322
279,0.0,2.732291,0.0,0.0,1.7420285,3.73,0.0,0.0,0.0,0.0,15.501044485872788
280,0.0,0.2299908,0.0,0.5020697000000001,0.0,3.79,0.0,0.0,0.0,3.9862117999999995,10.391685490197343
281,0.0,0.48757938,0.0,0.0,0.0,4.975,0.0,0.0,0.0,0.0,3.5966324770095293
282,0.0,0.50597906,0.0,0.0,0.0,4.99,0.0,0.0,0.0,0.0,3.298549262279998
283,0.0,1.9963210999999998,0.0,0.0,0.72083837,5.27,0.0,0.0,0.0,1.7539334,14.800174607142939
284,0.0,1.4903402000000001,0.0,0.0,0.74086213,3.565,0.0,0.0,0.0,2.2322783,14.186741065926272
285,0.0,2.226312,0.0,0.0,0.7308503000000001,4.995,0.0,0.0,0.0,1.4748979,15.319634678118767
286,0.0,2.2447097,0.0,0.0,0.7308503000000001,5.0,0.0,0.0,0.0,1.2357254,15.039698286997249
287,0.0,1.2235508999999998,0.0,0.0,0.72083837,4.57,0.0,0.0,0.0,2.7405207000000003,15.680762009912527
288,0.0,0.73596984,0.0,0.0,0.23026758,4.085,0.0,0.0,0.0,3.5078669000000002,13.849433867728887
289,0.0,1.7571304,0.0,0.24206910000000004,0.74086213,3.56,0.0,0.0,0.0,0.22920766,13.66593823295309
290,0.0,0.717571,0.0,0.0,0.0,2.35,0.0,0.0,0.0,3.7470383999999997,10.886848763683139
291,0.0,1.4811413,0.0,0.0,0.72083837,3.325,0.0,0.0,0.0,1.9931058999999998,15.037785511170151
292,0.0,2.4931011,0.0,0.25103486,0.9811416,4.98,0.0,0.0,0.0,1.0065187,18.265452906295106
293,0.0,0.9935601999999999,0.0,0.0,0.0,3.36,0.0,0.0,0.0,3.7370737000000003,13.488529484954098
294,0.0,0.98436034,0.0,0.0,0.0,2.17,0.0,0.0,0.0,3.2288322,11.070469706797248
295,0.0,1.4719415,0.0,0.0,0.0,1.97,0.0,0.0,0.0,2.9996245,10.884613906297297
296,0.0,0.9659615,0.0,0.0,0.24027947,2.07,0.0,0.0,0.0,2.501347,12.044713349566125
297,0.0,0.46918145,0.0,0.0,0.0,5.035,0.0,0.0,0.0,0.0,3.850090510353536
298,0.0,0.48757938,0.0,0.0,0.0,5.09,0.0,0.0,0.0,0.0,3.2305889505600307
299,0.0,1.9963202000000002,0.0,0.0,1.7320166000000001,4.645,0.0,0.0,0.0,0.76734525,14.957227823340995
300,0.0,1.9779205000000002,0.0,0.0,1.2414448,4.765,0.0,0.0,0.0,0.98658717,15.484389253508107
301,0.0,1.9779205000000002,0.0,0.0,1.4817252,4.555,0.0,0.0,0.0,0.73744893,16.597669680877388
302,0.0,1.9871203999999998,0.0,0.0,1.5317827,4.775,0.0,0.0,0.0,0.99655294,17.213407363692244
303,0.0,1.9871203999999998,0.0,0.0,2.7532048,4.38,0.0,0.0,0.0,0.0,17.203007398594
304,0.0,1.9871203999999998,0.0,0.0,1.4717125,2.945,0.0,0.0,0.0,0.73744893,14.967757018355856
305,0.0,2.9898803,0.0,0.0,0.23026758,2.97,0.0,0.0,0.0,1.514761,12.16013187600152
306,0.0,2.217111,0.0,0.0,1.9923189,4.405,0.0,0.0,0.0,0.0,16.167979474418118
307,0.0,1.9963202000000002,0.0,0.0,2.4728787,1.765,0.0,0.0,0.0,0.0,10.999264128544171
308,0.0,1.4995401000000002,0.0,0.25103486,2.4828906,4.61,0.0,0.0,0.0,0.0,15.917461532053295
309,0.0,1.2511497,0.0,0.0,0.22025761,3.38,0.0,0.0,0.0,2.9896588,14.153285951456454
310,0.0,2.7414908,0.0,0.0,0.24027947,2.18,0.0,0.0,0.0,1.4948294,11.154735608156297
311,0.0,0.49677920000000003,0.0,0.2510357,0.26030323,2.22,0.0,0.0,0.0,1.2456912,10.626505337017198
312,0.0,0.48758024,0.0,0.2510357,0.5406302,4.055,0.0,0.0,0.0,3.0095894,12.398843388460817
313,0.0,0.50597906,0.0,0.0,0.0,5.305,0.0,0.0,0.0,0.0,3.4243536778622388
314,0.0,0.62557524,0.0,0.0,0.0,4.93,0.0,0.0,0.0,0.0,3.3990844469227293
315,0.0,2.0331186999999997,0.0,0.0,1.4817243,4.635,0.0,0.0,0.0,0.97662145,16.501849325259528
316,0.0,3.008279,0.0,0.26000059999999997,0.46053708,3.795,0.25645602,0.0,0.0,0.0,9.677997859308798
317,0.0,1.9779205000000002,0.0,0.0,2.4828906,4.91,0.0,0.0,0.0,0.23917247,18.17547593770373
318,0.0,2.2355099,0.0,0.0,1.7220048,4.705,0.0,0.0,0.0,0.50824225,17.105193460516492
319,0.0,1.7571294999999998,0.0,0.0,2.2225883,4.13,0.0,0.0,0.0,0.23917247,16.912170833755027
320,0.0,2.014719,0.0,0.0,1.2314339,4.765,0.0,0.0,0.0,0.98658717,16.803153793522206
321,0.0,2.2539105,0.0,0.0,1.9722959999999998,4.56,0.0,0.0,0.0,0.22920766,17.950864966451647
322,0.0,2.7230917999999997,0.0,0.51103544,1.0011654,3.96,0.0,0.0,0.0,0.0,13.451361428081446
323,0.0,1.2511497,0.0,0.24206910000000004,0.9711296999999999,3.96,0.25645602,0.0,0.0,0.51820797,12.299773892667238
324,0.0,1.7295308999999996,0.0,0.0,2.2225873,2.59,0.0,0.0,0.0,0.7374499,14.409739707187855
325,0.0,1.2419498,0.0,0.0,1.7320166000000001,4.99,0.0,0.0,0.0,1.2357254,15.357931849417357
326,0.0,2.5022993,0.0,0.0,2.2426102,4.6,0.0,0.0,0.0,0.0,17.832539059150555
327,0.0,1.7479306000000001,0.0,0.0,2.733182,4.395,0.0,0.0,0.0,0.0,18.20378260688778
328,0.0,0.47837952,0.0,0.0,0.0,4.985,0.0,0.0,0.0,0.0,3.243006210980304
329,0.0,0.48758113,0.0,0.0,0.0,4.99,0.0,0.0,0.0,0.0,2.9650638827902402
330,0.0,3.4682617,0.0,0.0,1.2414448,4.59,0.0,0.0,0.0,0.0,14.637043145946596
331,0.0,1.9871203999999998,0.0,0.0,1.2314329,4.785,0.0,0.0,0.0,0.99655294,16.819647582039607
332,0.0,2.2355099,0.0,0.0,1.7220048,4.58,0.0,0.0,0.0,0.49827647,17.482329104549542
333,0.0,2.226311,0.0,0.0,1.7320156000000002,2.39,0.0,0.0,0.0,0.5082413,13.249971729808015
334,0.0,1.9963202000000002,0.0,0.0,1.4817243,4.78,0.0,0.0,0.0,0.72748417,17.563043500302005
335,0.0,1.9963202000000002,0.0,0.0,1.2214221,4.8,0.0,0.0,0.0,0.7274832,16.956020705274184
336,0.0,1.00276,0.0,0.0,0.0,3.425,0.0,0.0,0.0,3.2487627999999997,11.514539208577508
337,0.0,3.24747,0.0,0.0,0.0,4.835,0.0,0.0,0.0,1.2357264,9.14919921212865
338,0.0,1.7295308999999996,0.0,0.0,2.9834723,3.535,0.0,0.0,0.0,0.0,14.096828880781734
339,0.0,2.9990802000000003,0.0,0.26000059999999997,1.2214221,3.615,0.0,0.0,0.0,0.0,15.848681211210222
340,0.0,1.4995401000000002,0.0,0.0,0.0,3.49,0.0,0.0,0.0,2.9996245,12.148291442692205
341,0.0,2.226311,0.0,0.26000059999999997,0.75087404,4.24,0.0,0.0,0.0,0.99655294,15.966996761034705
342,0.0,2.4747007,0.0,0.0,1.5117610000000001,2.385,0.0,0.0,0.0,0.49827647,14.964647344727256
343,0.0,1.9963202000000002,0.0,0.0,1.2614676999999999,5.015,0.0,0.0,0.0,0.7474147,17.075910668955533
344,0.0,1.9779205000000002,0.0,0.24206910000000004,0.0,3.88,0.48213762,0.0,0.0,0.0,4.167450381744971
345,0.0,1.9871203999999998,0.0,0.0,1.2013973,5.04,0.0,0.0,0.0,0.9666565999999999,17.964761087242113
346,0.0,2.4839005000000003,0.0,0.0,1.4917361999999998,4.47,0.0,0.0,0.0,0.49827647,17.16532100584903
347,0.0,2.9990802000000003,0.0,0.0,0.0,4.635,0.0,0.0,0.0,1.4948294,10.637490949367391
348,0.0,1.4903402000000001,0.0,0.0,1.7320156000000002,3.585,0.0,0.0,0.0,1.0164834999999999,17.752699761474528
349,0.0,1.9871203999999998,0.0,0.0,1.511759,3.87,0.0,0.0,0.0,0.7474147,19.01888678481411
350,0.0,3.2566697999999996,0.0,0.26896548,0.9911525,4.415,0.0,0.0,0.0,0.0,16.12832878554081
351,0.0,0.23919064,0.0,1.0131059999999998,0.0,2.715,0.0,0.0,0.0,3.5078669000000002,4.1067148640797475
352,0.0,1.9687215,0.0,0.0,2.2225873,4.6,0.0,0.0,0.0,0.0,19.963873330626818
353,0.0,2.226311,0.0,0.0,2.2125754,3.655,0.0,0.0,0.0,0.0,19.63117229205152
354,0.0,0.7451696999999999,0.0,0.0,0.48055990000000004,4.49,0.0,0.0,0.0,3.497901,15.881197030159203
355,0.0,2.0055191999999997,0.0,0.0,2.4828897,3.835,0.0,0.0,0.0,0.0,19.716139849664046
356,0.0,3.2290702000000002,0.0,0.0,1.2314329,4.49,0.0,0.0,0.0,0.0,18.85296121895697
357,0.0,0.4783804,0.0,0.0,0.0,4.885,0.0,0.0,0.0,0.0,3.968720941095456
358,0.0,0.48758024,0.0,0.0,0.0,4.895,0.0,0.0,0.0,0.0,3.5693935792735427
359,0.0,2.732291,0.0,0.0,1.7320156000000002,3.75,0.0,0.0,0.0,0.0,14.470565108772144
360,0.0,1.9779214,0.0,0.0,1.7220048,4.635,0.0,0.0,0.0,0.49827647,18.88186490962461
361,0.0,1.9871203999999998,0.0,0.0,1.4617025,4.785,0.0,0.0,0.0,0.7474147,18.866485626095525
362,0.0,1.4995393,0.0,0.0,2.4929025,4.59,0.0,0.0,0.0,0.0,17.50245862392705
363,0.0,2.2355107999999997,0.0,0.24206910000000004,1.7220048,4.37,0.0,0.0,0.0,0.24913824,18.71595516910311
364,0.0,2.7138913,0.0,0.0,1.4917361999999998,4.37,0.0,0.0,0.0,0.0,16.917326724763008
365,0.0,2.0055191999999997,0.0,0.0,1.4717143999999998,4.56,0.0,0.0,0.0,0.49827647,18.830888727855204
366,0.0,2.2355107999999997,0.0,0.0,2.2125764,2.83,0.0,0.0,0.0,0.0,15.577340085134251
367,0.0,1.011959,0.0,0.0,0.48055990000000004,3.59,0.24619853,0.0,0.0,1.4948294,11.004121527824225
368,0.0,3.23827,0.0,0.0,1.4717133999999998,4.365,0.0,0.0,0.0,0.0,18.010818733592924
369,0.0,0.75436956,0.0,0.0,1.7320166000000001,2.815,0.0,0.0,0.0,0.24913824,4.478700074066005
370,0.0,3.4774616000000003,0.0,0.0,0.9611188,4.99,0.0,0.0,0.0,0.0,16.654498886840354
371,0.0,0.9935601999999999,0.0,0.26896632,2.4628667999999996,3.39,0.0,0.0,0.0,0.0,5.199181970156256
372,0.0,3.24747,0.0,0.0,0.22025569,4.62,0.0,0.0,0.0,0.99655294,15.370151099565813
373,0.0,0.49678009999999995,0.0,0.0,0.0,5.06,0.0,0.0,0.0,0.0,3.791169058129499
374,0.0,0.48758024,0.0,0.0,0.0,4.99,0.0,0.0,0.0,0.0,3.55680476249288
375,0.0,2.2355107999999997,0.0,0.0,1.4717125,4.375,0.0,0.0,0.0,0.25910398,15.304028921213385
376,0.0,2.0423186,0.0,0.0,2.0123427,3.845,0.0,0.0,0.0,0.23917247,15.727782913395815
377,0.0,2.2447107,0.0,0.0,1.4817252,4.6,0.0,0.0,0.0,0.48831072,17.704615102638353
378,0.0,2.2539105,0.0,0.0,1.7320166000000001,4.395,0.0,0.0,0.0,0.21924192,16.651965583899873
379,0.0,2.2355107999999997,0.0,0.0,1.7420275,4.015,0.0,0.0,0.0,0.51820797,17.28181656676559
380,0.0,2.2355107999999997,0.0,0.0,1.7320166000000001,3.97,0.0,0.0,0.0,0.23917247,17.10640153158021
381,0.0,2.217111,0.0,0.0,1.2214211000000001,4.59,0.0,0.0,0.0,0.49827647,18.023213948796233
382,0.0,0.7451696999999999,0.0,0.0,0.0,4.835,0.0,0.0,0.0,3.7370737000000003,12.595778369693985
383,0.0,1.7295308999999996,0.0,0.0,1.7420275,3.385,0.23593907,0.0,0.0,0.24913824,12.67243765415386
384,0.0,2.74149,0.0,0.0,1.9722959999999998,4.405,0.0,0.0,0.0,0.0,17.964374295691304
385,0.0,1.9963202000000002,0.0,0.0,1.9622842,4.015,0.0,0.0,0.0,0.24913824,19.916516077003287
386,0.0,1.9963202000000002,0.0,0.0,2.2726450000000002,3.205,0.0,0.0,0.0,0.0,17.159321195736165
387,0.0,0.73597074,0.0,0.0,1.2314329,2.705,0.0,0.0,0.0,0.49827647,10.823976662806857
388,0.0,1.9963202000000002,0.0,0.0,1.7119929,4.12,0.0,0.0,0.0,0.48831072,20.3650116607993
389,0.0,0.48758024,0.0,0.0,0.0,4.985,0.0,0.0,0.0,0.0,3.5726143868971336
390,0.0,0.49678009999999995,0.0,0.0,0.0,4.97,0.0,0.0,0.0,0.0,3.1950945200180483
391,0.0,0.9935601999999999,0.0,0.0,0.21024476,2.4,0.0,0.0,0.0,0.23917247,8.720636826462156
392,0.0,2.2079112999999997,0.0,0.0,1.7320156000000002,4.135,0.0,0.0,0.0,0.48831168,16.849761275627046
393,0.0,1.9871203999999998,0.0,0.0,2.0123417000000003,3.735,0.0,0.0,0.0,0.24913824,17.483346756844384
394,0.0,1.9779214,0.0,0.0,1.9823079,4.015,0.0,0.0,0.0,0.50824225,16.77098777552249
395,0.0,2.2355107999999997,0.0,0.0,1.7420266,4.29,0.0,0.0,0.0,0.24913824,17.927261512359127
396,0.0,2.9806805,0.0,0.26000059999999997,1.2414448,2.905,0.0,0.0,0.0,0.0,13.364498740387043
397,0.0,2.2355107999999997,0.0,0.0,1.7220048,4.465,0.0,0.0,0.0,0.48831072,19.07558620625112
398,0.0,1.7479306000000001,0.0,0.0,1.7520384999999998,2.23,0.0,0.0,0.0,0.73744893,14.576593375899847
399,0.0,3.2382708,0.0,0.0,1.2314339,2.77,0.0,0.0,0.0,0.23917343,15.543789441781723
400,0.0,0.7267709,0.0,0.0,1.7320156000000002,4.11,0.0,0.0,0.0,1.7439677,5.08332806763012
401,0.0,0.98436123,0.0,0.0,0.0,4.545,0.0,0.0,0.0,3.4979,13.18091825964087
402,0.0,3.2382708,0.0,0.0,0.22025569,3.515,0.0,0.0,0.0,0.0,10.590264641492336
403,0.0,1.7571294999999998,0.0,0.26896632,0.23026854,2.99,0.2667145,0.0,0.0,0.73744893,8.143772236681857
404,0.0,0.9751614,0.0,0.0,3.2637994,4.81,0.0,0.0,0.0,0.0,3.8799032334552495
405,0.0,0.48758024,0.0,0.0,0.0,5.005,0.0,0.0,0.0,0.0,3.664818280369872
406,0.0,0.47838128,0.0,0.0,0.0,4.955,0.0,0.0,0.0,0.0,3.2064342587811323
407,0.0,2.00552,0.0,0.0,2.0023317,3.745,0.0,0.0,0.0,0.0,15.32332879434112
408,0.0,2.00552,0.0,0.0,1.9823079,3.77,0.0,0.0,0.0,0.24913824,15.81498785464335
409,0.0,1.9779205000000002,0.0,0.0,1.9923198,3.795,0.0,0.0,0.0,0.48831072,17.283587334304183
410,0.0,2.732291,0.0,0.0,1.7220048,4.995,0.0,0.0,0.0,0.0,16.56869655315581
411,0.0,0.73597074,0.0,0.0,0.0,3.315,0.0,0.0,0.0,3.9862117999999995,11.307568259278796
412,0.0,0.7267718000000001,0.0,0.0,0.47054705,2.805,0.0,0.0,0.0,3.2387972,12.752090684316384
413,0.0,2.014719,0.0,0.0,1.7220038,4.745,0.0,0.0,0.0,0.0,18.16870736600218
414,0.0,2.7230911,0.0,0.0,0.9811426,2.405,0.2667145,0.0,0.0,0.0,9.958619450542995
415,0.0,2.74149,0.0,0.0,1.2214221,4.575,0.0,0.0,0.0,0.49827647,17.97345209144472
416,0.0,2.4839005000000003,0.0,0.0,1.4717133999999998,5.03,0.0,0.0,0.0,0.0,17.715932367592867
417,0.0,1.9963202000000002,0.0,0.0,1.9722970000000002,4.045,0.0,0.0,0.0,0.0,19.117633794791985
418,0.0,2.5023,0.0,0.0,1.2414448,4.65,0.0,0.0,0.0,0.48831168,18.01686087334701
419,0.0,0.23919064,0.0,0.0,0.0,2.78,0.0,0.0,0.0,4.494454,6.927039512957145
420,0.0,2.4839005000000003,0.0,0.0,1.2214221,4.565,0.0,0.0,0.0,0.25910398,18.833501906673984
421,0.0,0.49678096,0.0,0.0,0.0,5.07,0.0,0.0,0.0,0.0,4.04975295512258
422,0.0,0.48758024,0.0,0.0,0.0,4.97,0.0,0.0,0.0,0.0,3.3311384608586234
423,0.0,2.7414908,0.0,0.0,1.7220048,3.165,0.0,0.0,0.0,0.0,13.785185999910126
424,0.0,2.22631,0.0,0.0,2.2325993,1.955,0.0,0.0,0.0,0.0,12.0200076261958
425,0.0,2.7414908,0.0,0.0,1.2314329,4.575,0.0,0.0,0.0,0.2890003,16.623739620176845
426,0.0,1.7387298,0.0,0.26896632,0.5206055,3.56,0.24619755,0.0,0.0,0.49827647,10.073646286314448
427,0.0,2.7322900000000003,0.0,0.0,1.2714795,5.21,0.0,0.0,0.0,0.4783459,17.33297729831929
428,0.0,3.229071,0.0,0.0,1.4817252,4.3,0.0,0.0,0.0,0.0,15.703359057524128
429,0.0,2.5023,0.0,0.0,1.9722959999999998,1.985,0.0,0.0,0.0,0.0,13.245469081146407
430,0.0,2.4931002,0.0,0.0,1.2414448,4.795,0.0,0.0,0.0,0.47834495,17.728405989893123
431,0.0,3.7442498,0.0,0.0,0.73085123,2.915,0.0,0.0,0.0,0.0,13.220618305980576
432,0.0,1.7387298,0.0,0.25103486,0.0,3.92,0.0,0.0,0.0,2.25221,13.826000389792426
433,0.0,2.00552,0.0,0.0,0.4905708,3.835,0.2667145,0.0,0.0,0.0,11.215950067410194
434,0.0,1.7479296999999998,0.0,0.0,1.7420275,4.595,0.0,0.0,0.0,0.0,18.55029939487659
435,0.0,1.7479306000000001,0.0,0.0,0.22025569,3.175,0.0,0.0,0.0,2.4913824,15.031599331629753
436,0.0,1.7203311000000001,0.0,0.0,1.7320166000000001,4.32,0.0,0.0,0.0,0.0,20.005519858751267
437,0.0,0.5335786,0.0,0.0,0.0,4.87,0.0,0.0,0.0,0.0,3.827164606906325
438,0.0,0.4783804,0.0,0.0,0.0,5.145,0.0,0.0,0.0,0.0,3.398386655874964
439,0.0,1.7387298,0.0,0.0,2.262635,4.43,0.0,0.0,0.0,0.0,16.89007939683184
440,0.0,2.7230911,0.0,0.0,1.2314339,4.745,0.0,0.0,0.0,0.48831072,15.898159062705307
441,0.0,2.7138913,0.0,0.0,0.9911535,4.54,0.0,0.0,0.0,0.50824225,15.820387062019241
442,0.0,2.74149,0.0,0.0,1.2314339,4.9,0.0,0.0,0.0,0.5082413,16.31749813218258
443,0.0,0.9935601999999999,0.0,0.0,0.4905708,3.28,0.0,0.0,0.0,3.019556,14.087087249157028
444,0.0,2.732291,0.0,0.0,1.4717133999999998,3.4,0.0,0.0,0.0,0.0,14.640818079602248
445,0.0,1.7479306000000001,0.0,0.50207055,0.22025569,2.61,0.0,0.0,0.0,1.9931058999999998,13.03498282646085
446,0.0,2.2447107,0.0,0.0,1.7620513,1.545,0.0,0.0,0.0,0.0,10.799535816736062
447,0.0,2.9990802000000003,0.0,0.0,0.78090775,3.14,0.0,0.0,0.0,0.49827647,14.896150815963097
448,0.0,0.26678842,0.0,0.0,0.0,3.745,0.0,0.0,0.0,4.006143,8.846926259582624
449,0.0,2.732291,0.0,0.0,1.2514558,4.97,0.0,0.0,0.0,0.2890003,18.179366486551896
450,0.0,2.732291,0.0,0.0,0.0,1.42,0.0,0.0,0.0,1.2357254,6.100626674884222
451,0.0,0.53358036,0.0,0.0,0.0,3.405,0.0,0.0,0.0,4.006142,11.98580363890101
452,0.0,0.49678096,0.0,0.0,0.23026758,3.645,0.0,0.0,0.0,4.016108999999999,12.574239027187545
453,0.0,0.49678009999999995,0.0,0.0,0.0,5.04,0.0,0.0,0.0,0.0,3.4936227053957123
454,0.0,0.48758113,0.0,0.0,0.0,4.96,0.0,0.0,0.0,0.0,3.2544375259883656
455,0.0,2.2447107,0.24015106,0.0,1.4717125,3.155,0.0,0.0,0.0,0.24913824,2.159668977937244
456,0.0,2.7322900000000003,0.0,0.0,1.2114102,4.745,0.0,0.0,0.0,0.50824225,16.215300342835334
457,0.0,1.9871212,0.0,0.50207055,0.48055990000000004,4.055,0.0,0.0,0.0,0.0,12.960692090298126
458,0.0,2.4655015,0.0,0.0,1.2214221,4.64,0.0,0.0,0.0,0.22920673,15.328358266893368
459,0.0,3.23827,0.0,0.0,1.0011663,2.425,0.0,0.0,0.0,0.0,11.5642476515886
460,0.0,2.2447097,0.0,0.26000059999999997,1.9722950000000001,4.925,0.0,0.0,0.0,0.0,17.00118135393186
461,0.0,2.2447107,0.0,0.0,2.2225864,3.94,0.0,0.0,0.0,0.0,17.573678192956468
462,0.0,3.72585,0.0,0.0,0.74086213,3.385,0.0,0.0,0.0,0.0,12.570650904904678
463,0.0,0.98436034,0.0,0.0,0.22025761,2.61,0.0,0.0,0.0,2.9996245,12.386137870788223
464,0.0,2.9990802000000003,0.0,0.0,1.2314329,3.76,0.0,0.0,0.0,0.0,15.600632806723125
465,0.0,1.5087391,0.0,0.0,2.733181,3.405,0.2256806,0.0,0.0,0.0,8.28963497311112
466,0.0,1.2051522,0.0,0.0,0.4905708,3.62,0.0,0.0,0.0,0.26906976,12.848436329452708
467,0.0,0.98436034,0.0,0.0,0.47054799999999997,3.38,0.0,0.0,0.0,2.9796932000000003,15.634195901103896
468,0.0,1.011959,0.0,0.0,0.0,3.18,0.0,0.0,0.0,2.9996235,12.364990578168847
469,0.0,0.48758024,0.0,0.0,0.0,5.07,0.0,0.0,0.0,0.0,3.658299171496066
470,0.0,0.47837952,0.0,0.0,0.0,5.055,0.0,0.0,0.0,0.0,3.2122783241635933
471,0.0,1.7663293999999998,0.0,0.0,2.2225873,4.425,0.0,0.0,0.0,0.0,15.305386667000286
472,0.0,1.4995401000000002,0.0,0.0,1.9722950000000001,2.98,0.23593907,0.0,0.0,0.0,12.321700768430777
473,0.0,2.7506897,0.0,0.0,1.2214221,4.615,0.0,0.0,0.0,0.46838015,16.904788752358307
474,0.0,2.2539105,0.0,0.0,1.2214211000000001,4.74,0.0,0.0,0.0,0.23917247,15.731501233079848
475,0.0,2.732291,0.0,0.50207055,1.2314339,4.055,0.0,0.0,0.0,0.0,13.887049931950461
476,0.0,0.24838960000000002,0.0,0.0,0.23026854,3.555,0.0,0.0,0.0,3.9762470000000003,7.165676826482367
477,0.0,1.7571294999999998,0.0,0.0,2.7431938999999996,3.765,0.0,0.0,0.0,0.0,18.138562206099518
478,0.0,3.7626487999999996,0.0,0.0,0.0,3.235,0.0,0.0,0.0,0.97662145,8.549475652363505
479,0.0,2.9990802000000003,0.0,0.0,0.48055990000000004,4.14,0.0,0.0,0.0,0.7573805,14.806852495547366
480,0.0,1.7387298,0.0,0.0,1.9823079,4.01,0.0,0.0,0.0,0.73744893,18.931400870014922
481,0.0,1.9871203999999998,0.0,0.25103486,1.4917371000000001,2.79,0.22568157,0.0,0.0,0.0,11.273007106807542
482,0.0,2.4839005000000003,0.0,0.0,1.2514566999999999,4.62,0.0,0.0,0.0,0.0,15.751742306978128
483,0.0,1.4995401000000002,0.0,0.0,0.0,4.17,0.0,0.0,0.0,2.9896588,12.96141618677814
484,0.0,0.48758113,0.0,0.0,0.48055893,4.08,0.0,0.0,0.0,2.9796932000000003,11.514911784448016
485,0.0,0.48758024,0.0,0.0,0.0,5.01,0.0,0.0,0.0,0.0,3.5606283009568074
486,0.0,0.49678009999999995,0.0,0.0,0.0,4.99,0.0,0.0,0.0,0.0,3.2967225491144085
487,0.0,1.7387308000000001,0.0,0.0,1.4717125,4.32,0.0,0.0,0.0,0.0,14.05856753478637
488,0.0,1.7203311000000001,0.0,0.0,1.4817243,4.57,0.0,0.0,0.0,0.0,15.384596056497676
489,0.0,1.9963202000000002,0.0,0.0,1.2314339,4.795,0.0,0.0,0.0,0.0,14.630752659028568
490,0.0,1.9871203999999998,0.0,0.0,2.2325993,4.405,0.0,0.0,0.0,0.0,16.58914119754305
491,0.0,1.0211588,0.0,0.24206910000000004,0.22025761,2.35,0.0,0.0,0.0,2.25221,10.957069510368287
492,0.0,2.7322900000000003,0.0,0.0,1.7220057,4.325,0.0,0.0,0.0,0.0,15.073250437817313
493,0.0,2.9898803,0.0,0.0,1.2214221,4.985,0.0,0.0,0.0,0.24913824,16.42470004698713
494,0.0,2.4655015,0.0,0.0,1.7320166000000001,4.64,0.25645602,0.0,0.0,0.0,12.93099940687465
495,0.2507447,1.4995401000000002,0.0,0.0,1.4817243,3.56,0.0,0.0,0.0,0.47834495,6.8339778282080434
496,0.0,1.9963202000000002,0.0,0.0,1.4717133999999998,2.745,0.0,0.0,0.0,1.0065178,16.922808840700956
497,0.0,1.5087391,0.0,0.0,0.47054896,3.135,0.0,0.0,0.0,2.2422442000000005,14.181579233160464
498,0.0,1.9871203999999998,0.0,0.26896632,1.7220038,2.76,0.0,0.0,0.0,0.0,14.35305587510778
499,0.26077473,1.00276,0.0,0.26896632,0.50058365,2.995,0.0,0.0,0.0,0.99655294,4.952964214780679
500,0.0,0.5519774000000001,0.0,0.0,0.0,4.97,0.0,0.0,0.0,0.0,3.4476731839554
501,0.0,0.48757938,0.0,0.0,0.0,4.99,0.0,0.0,0.0,0.0,3.026085519605552
502,0.0,1.2419498,0.0,0.0,0.5005827,3.315,0.0,0.0,0.0,2.2422442000000005,12.64112220213571
503,0.0,0.7543704000000001,0.0,0.0,0.48055990000000004,3.485,0.0,0.0,0.0,3.2587276000000003,13.314600124781721
504,0.0,2.7506897,0.0,0.0,1.4917371000000001,2.795,0.0,0.0,0.0,0.25910398,13.40268587733426
505,0.0,0.7451706,0.0,0.0,0.4905708,3.985,0.0,0.0,0.0,1.7340028000000003,13.422904677279003
506,0.0,2.732291,0.0,0.0,0.7208393,2.76,0.0,0.0,0.0,0.99655294,14.1010604376874
507,0.0,2.732291,0.0,0.0,1.7620504000000001,3.185,0.0,0.0,0.0,0.0,14.94787946201612
508,0.0,2.0055191999999997,0.0,0.0,2.4828897,3.97,0.0,0.0,0.0,0.0,18.09578470962067
509,0.0,2.4931002,0.0,0.0,2.2325993,2.985,0.0,0.0,0.0,0.0,16.540738588872895
510,0.0,2.2539105,0.0,0.0,1.2414448,4.59,0.0,0.0,0.0,0.50824225,17.443807118434698
511,0.0,3.4958602999999995,0.0,0.0,1.2514566999999999,3.715,0.0,0.0,0.0,0.0,15.976168394862373
512,0.0,3.23827,0.0,0.0,1.221423,4.68,0.0,0.0,0.0,0.0,16.3748607777419
513,0.0,2.732291,0.0,0.0,1.9923198,5.015,0.0,0.0,0.0,0.0,18.04060018632692
514,0.0,2.0239189,0.0,0.0,2.2325983,4.275,0.0,0.0,0.0,0.0,18.88744209428396
515,0.0,3.72585,0.0,0.0,1.0011654,3.145,0.0,0.0,0.0,0.0,15.193086333306711
516,0.0,0.48758024,0.0,0.0,0.0,4.925,0.0,0.0,0.0,0.0,3.3547566065694605
517,0.0,0.48758024,0.0,0.0,0.0,4.96,0.0,0.0,0.0,0.0,3.10847222057342
518,0.0,1.7387298,0.0,0.0,1.5017481000000001,4.215,0.0,0.0,0.0,0.49827647,15.322137095822955
519,0.0,1.9963202000000002,0.0,0.0,1.4817243,4.375,0.0,0.0,0.0,0.5082413,15.647293973852225
520,0.0,2.2355107999999997,0.0,0.0,1.2414458000000002,4.625,0.0,0.0,0.0,0.7573805,15.912191658004383
521,0.0,1.9779205000000002,0.0,0.0,1.221423,4.545,0.0,0.0,0.0,0.7474147,15.728483083224818
522,0.0,2.0055191999999997,0.0,0.0,2.2325983,3.94,0.0,0.0,0.0,0.0,16.116254809188913
523,0.0,0.7451696999999999,0.0,0.0,0.50058365,3.825,0.0,0.0,0.0,3.2587276000000003,13.589059817889805
524,0.0,2.014719,0.0,0.0,1.2214221,4.61,0.0,0.0,0.0,0.48831072,17.655112223663473
525,0.0,1.4995401000000002,0.0,0.0,1.2414439,2.84,0.25645602,0.0,0.0,0.49827647,9.972576594436047
526,0.0,2.2539096,0.0,0.0,1.7420275,3.735,0.0,0.0,0.0,0.0,16.621233446774667
527,0.0,1.9871203999999998,0.0,0.24206910000000004,1.4717125,3.755,0.0,0.0,0.0,0.99655294,18.00113791070837
528,0.0,0.98436123,0.0,0.0,0.23026758,2.885,0.0,0.0,0.0,3.2487627999999997,13.604854354511822
529,0.0,1.7479306000000001,0.0,0.0,1.4717133999999998,4.89,0.0,0.0,0.0,0.48831072,17.8410441368772
530,0.0,1.4811404,0.0,0.0,0.46053612,3.335,0.0,0.0,0.0,2.25221,14.919216626330162
531,0.0,1.50874,0.0,0.0,0.48055893,3.185,0.0,0.0,0.0,2.0030715,15.633521882404654
532,0.0,0.4783804,0.0,0.0,0.0,4.895,0.0,0.0,0.0,0.0,3.2543590875605
533,0.0,0.48758113,0.0,0.0,0.0,4.875,0.0,0.0,0.0,0.0,3.086569666435953
534,0.0,2.9990811,0.0,0.0,0.24027947,3.1,0.0,0.0,0.0,0.7573805,10.3870221163748
535,0.0,3.9926405,0.0,0.0,0.52060646,4.41,0.0,0.0,0.0,0.0,12.205548042459162
536,0.0,1.7571294999999998,0.0,0.0,2.2325983,4.34,0.0,0.0,0.0,0.24913824,17.817101439150427
537,0.0,3.4958602999999995,0.0,0.0,0.9711296999999999,3.55,0.0,0.0,0.0,0.0,12.737510890675347
538,0.0,0.75436956,0.0,0.0,0.4905708,3.73,0.0,0.0,0.0,3.2587276000000003,13.228374772028712
539,0.0,1.9779205000000002,0.0,0.0,2.2125764,4.585,0.0,0.0,0.0,0.0,17.218457012412447
540,0.0,1.9963202000000002,0.0,0.0,1.4817252,4.175,0.0,0.0,0.0,0.4783459,17.64790358141311
541,0.0,1.9871203999999998,0.0,0.0,1.9923189,3.53,0.0,0.0,0.0,0.25910398,16.490626378937574
542,0.0,3.7442498,0.0,0.0,0.0,4.04,0.0,0.0,0.0,1.0164834999999999,9.144116490431644
543,0.0,1.9963202000000002,0.0,0.0,2.2426112000000002,3.55,0.25645602,0.0,0.0,0.0,8.386707631085429
544,0.0,3.4866605,0.0,0.0,1.2314329,3.4,0.0,0.0,0.0,0.0,10.421027334946848
545,0.0,2.2355107999999997,0.0,0.0,1.982307,3.985,0.0,0.0,0.0,0.0,12.220868731174415
546,0.0,1.7479296999999998,0.0,0.0,1.9923189,4.14,0.0,0.0,0.0,0.23917247,13.897109076617625
547,0.0,2.5023,0.0,0.0,1.7220048,3.8,0.0,0.0,0.0,0.24913824,14.002479995166874
548,0.0,0.5059808,0.0,0.0,0.0,4.975,0.0,0.0,0.0,0.0,2.650514145128
549,0.0,0.5243787,0.0,0.0,0.0,5.115,0.0,0.0,0.0,0.0,2.4759341891137816
550,0.0,1.9779205000000002,0.0,0.0,1.2314329,4.65,0.0,0.0,0.0,0.51820797,13.754529584442189
551,0.0,1.9871203999999998,0.0,0.0,1.2514566999999999,4.795,0.0,0.0,0.0,0.7474147,14.339697914194527
552,0.0,2.2355099,0.0,0.0,1.221423,4.785,0.0,0.0,0.0,0.7474147,14.720529951663881
553,0.0,1.7571294999999998,0.0,0.0,1.7620513,4.35,0.0,0.0,0.0,0.50824225,15.134898206153538
554,0.0,2.00552,0.0,0.0,2.2125745,4.165,0.0,0.0,0.0,0.0,15.604576724965286
555,0.0,1.9779214,0.0,0.0,2.2426093,3.975,0.0,0.0,0.0,0.0,15.30028947324842
556,0.0,2.0055191999999997,0.0,0.0,2.2426112000000002,3.985,0.0,0.0,0.0,0.23917247,17.234469245670915
557,0.0,3.4866605,0.0,0.0,0.99115443,3.79,0.0,0.0,0.0,0.0,13.083766656066535
558,0.0,2.5022993,0.0,0.0,0.7408630999999999,3.795,0.0,0.0,0.0,1.2456912,14.274726277519257
559,0.0,2.4747014,0.0,0.0,1.7320156000000002,3.625,0.0,0.0,0.0,0.0,15.303957462558776
560,0.0,2.7230911,0.0,0.0,1.2314329,3.595,0.0,0.0,0.0,0.23917247,15.57916634315024
561,0.0,1.9779205000000002,0.0,0.0,2.723169,3.37,0.0,0.0,0.0,0.0,15.284764881039898
562,0.0,1.4903402000000001,0.0,0.0,0.49057177,3.23,0.0,0.0,0.0,1.9931058999999998,13.814200425317324
563,0.0,0.98436034,0.0,0.0,0.47054799999999997,3.575,0.0,0.0,0.0,2.9896588,14.121243297642248
564,0.0,0.49677920000000003,0.0,0.0,0.0,4.96,0.0,0.0,0.0,0.0,3.31459308791088
565,0.0,0.49678096,0.0,0.0,0.0,4.945,0.0,0.0,0.0,0.0,3.0389591658776007
566,0.0,1.9963202000000002,0.0,0.0,1.2714795,4.785,0.0,0.0,0.0,0.49827647,14.54417332912595
567,0.0,1.9779214,0.0,0.0,2.4929025,3.99,0.0,0.0,0.0,0.0,15.982324825023264
568,0.0,2.217111,0.0,0.0,1.2414448,4.79,0.0,0.0,0.0,0.73744893,16.4799754923804
569,0.0,1.9687215,0.0,0.0,2.4628658,3.97,0.0,0.0,0.0,0.23917247,17.01950327266075
570,0.0,2.2447107,0.0,0.0,1.4817252,4.57,0.0,0.0,0.0,0.7573805,17.22408823539753
571,0.0,0.9659606,0.0,0.0,0.48055990000000004,2.195,0.0,0.0,0.0,1.2456912,11.450234908106962
572,0.0,2.4655015,0.0,0.0,1.9823079,3.405,0.0,0.0,0.0,0.0,16.385231618329588
573,0.0,2.2355107999999997,0.0,0.0,1.4817243,4.835,0.0,0.0,0.0,0.73744893,18.34559116113384
574,0.0,2.5114992000000003,0.0,0.0,0.0,4.395,0.0,0.0,0.0,1.9931058999999998,11.226883981796544
575,0.0,1.7479296999999998,0.0,0.26896632,0.25029229999999997,3.56,0.0,0.0,0.0,1.2656227,14.249583212483225
576,0.0,1.7387298,0.0,0.0,0.9911535,4.59,0.0,0.0,0.0,1.0065187,17.62850884007025
577,0.0,3.2474706,0.0,0.0,0.9911525,3.585,0.24619755,0.0,0.0,0.22920766,11.863138584314134
578,0.0,1.517939,0.0,0.0,2.9934852000000003,3.6,0.0,0.0,0.0,0.0,8.345345214519691
579,0.0,3.4682617,0.0,0.0,0.7308503000000001,4.205,0.0,0.0,0.0,0.50824225,16.785271705936314
580,0.0,0.50597996,0.0,0.0,0.0,5.035,0.0,0.0,0.0,0.0,3.5679768631387807
581,0.0,0.49678009999999995,0.0,0.0,0.0,4.99,0.0,0.0,0.0,0.0,3.252151974471848
582,0.0,2.014719,0.0,0.0,1.5217708,4.655,0.0,0.0,0.0,0.51820797,15.88721400787353
583,0.0,2.2355099,0.0,0.0,1.2414458000000002,4.595,0.0,0.0,0.0,0.7573805,16.277150610573848
584,0.0,2.2355107999999997,0.0,0.0,1.2414458000000002,4.77,0.0,0.0,0.0,0.7374499,17.411166335521425
585,0.0,1.9871203999999998,0.0,0.0,1.2514566999999999,4.56,0.0,0.0,0.0,0.7474147,16.894006274554883
586,0.0,2.2355107999999997,0.0,0.0,1.4917361999999998,4.785,0.0,0.0,0.0,0.72748417,17.534852777367302
587,0.21062559,1.9963193,0.0,0.2510357,0.97113067,2.825,0.0,0.0,0.0,0.23917247,4.43287034804353
588,0.0,3.5050592000000003,0.0,0.0,1.2214211000000001,4.425,0.0,0.0,0.0,0.0,16.054195899784652
589,0.0,3.9926394999999997,0.0,0.0,0.46053612,4.4,0.0,0.0,0.0,0.0,12.674151998522149
590,0.0,1.9779205000000002,0.0,0.25103486,2.2325993,3.795,0.0,0.0,0.0,0.0,14.806594724858464
591,0.0,1.4903402000000001,0.0,0.0,0.5005827,3.24,0.0,0.0,0.0,1.9931058999999998,14.271274423051711
592,0.0,2.74149,0.0,0.0,0.26030323,2.19,0.0,0.0,0.0,1.5047952,11.280341356558704
593,0.0,1.9963202000000002,0.0,0.0,2.2726450000000002,4.38,0.0,0.0,0.0,0.25910398,17.944086417950135
594,0.0,2.9806814,0.0,0.0,0.9911535,3.98,0.24619755,0.0,0.0,0.0,11.23626884937948
595,0.0,2.2447097,0.0,0.0,1.9823079,4.26,0.0,0.0,0.0,0.22920766,18.653850542756647
596,0.0,0.49678009999999995,0.0,0.0,0.0,5.02,0.0,0.0,0.0,0.0,3.5391624318971417
597,0.0,0.49678009999999995,0.0,0.0,0.0,4.96,0.0,0.0,0.0,0.0,3.283656437702612
598,0.0,2.2539096,0.0,0.0,1.2614686000000002,4.825,0.0,0.0,0.0,0.7573805,15.136651245959394
599,0.0,1.9779205000000002,0.0,0.0,1.2114102,4.605,0.0,0.0,0.0,0.47834495,14.808516341542818
600,0.0,3.2566697999999996,0.0,0.0,0.9911535,2.845,0.0,0.0,0.0,0.24913824,12.522368561888001
601,0.0,3.4866605,0.0,0.0,0.75087404,3.785,0.0,0.0,0.0,0.25910398,13.744837782081001
602,0.0,0.48758113,0.0,0.0,0.72083837,4.03,0.0,0.0,0.0,2.9996245,9.742254276180821
603,0.0,3.4682617,0.0,0.0,0.9911535,4.84,0.0,0.0,0.0,0.0,16.038394952856535
604,0.0,3.4958602999999995,0.0,0.26896548,0.47054705,3.24,0.0,0.0,0.0,0.0,13.507446020060645
605,0.0,2.2539096,0.0,0.0,1.9823079,3.215,0.0,0.0,0.0,0.0,16.320891344841538
606,0.0,0.98436123,0.0,0.25103486,0.22025666,4.735,0.0,0.0,0.0,1.9931058999999998,15.105750877575245
607,0.0,1.7295308999999996,0.0,0.0,0.0,3.05,0.0,0.0,0.0,1.255657,9.778203849241654
608,0.0,1.7479296999999998,0.0,0.0,2.2325983,3.945,0.0,0.0,0.0,0.24913824,19.752366957074585
609,0.0,2.9990792,0.0,0.5110363,0.48055990000000004,3.545,0.0,0.0,0.0,0.25910303,13.9173290682446
610,0.0,0.24838960000000002,0.0,0.0,0.49057177,3.745,0.0,0.0,0.0,3.7470392999999995,4.006910854537692
611,0.0,0.4783804,0.0,0.0,0.0,2.69,0.0,0.0,0.0,3.7470392999999995,12.12016932741375
612,0.0,0.46918055,0.0,0.0,0.0,4.91,0.0,0.0,0.0,0.0,3.523086218448704
613,0.0,0.48758113,0.0,0.0,0.0,4.905,0.0,0.0,0.0,0.0,3.528930192158488
614,0.0,1.9871203999999998,0.0,0.0,0.0,3.545,0.0,0.0,0.0,2.4913824,10.87086745751096
615,0.0,2.2447097,0.0,0.0,1.5017481000000001,4.58,0.0,0.0,0.0,0.75737953,17.836187517181198
616,0.0,2.74149,0.0,0.0,1.9722959999999998,4.95,0.0,0.0,0.0,0.0,17.593119607459798
617,0.0,1.4995401000000002,0.0,0.0,0.4905708,3.15,0.0,0.0,0.0,1.7539334,14.274335046620926
618,0.0,3.23827,0.0,0.0,1.4817252,2.38,0.0,0.0,0.0,0.0,12.706355164996905
619,0.0,1.4811404,0.0,0.0,0.4905708,4.175,0.0,0.0,0.0,1.2357254,15.47064038597748
620,0.0,2.2355107999999997,0.0,0.0,1.9823079,4.61,0.0,0.0,0.0,0.23917343,19.918877187380488
621,0.0,1.7295308999999996,0.0,0.0,0.47054799999999997,3.225,0.0,0.0,0.0,1.7340019,4.318448934682141
622,0.0,2.2539105,0.0,0.0,1.2114102,4.785,0.0,0.0,0.0,0.73744893,19.334736999455657
623,0.0,0.24839048,0.0,0.0,0.5206055,3.57,0.0,0.0,0.0,3.4879352999999997,3.7909280272522254
624,0.0,2.226311,0.0,0.0,1.9722959999999998,3.825,0.0,0.0,0.0,0.0,18.655453143615826
625,0.0,2.7230911,0.0,0.0,0.9911535,2.61,0.24619853,0.0,0.0,0.0,9.748412983568642
626,0.0,1.7387298,0.0,0.0,2.733182,3.985,0.0,0.0,0.0,0.0,19.154509655133136
627,0.0,0.49678009999999995,0.0,0.26000059999999997,0.0,3.84,0.0,0.0,0.0,3.7470392999999995,14.23813462308754
628,0.0,0.49678009999999995,0.0,0.0,0.0,5.06,0.0,0.0,0.0,0.0,3.69769945541996
629,0.0,0.47838128,0.0,0.0,0.0,5.0,0.0,0.0,0.0,0.0,3.4120574580870513
630,0.0,1.50874,0.0,0.0,0.52060646,3.26,0.0,0.0,0.0,1.9731743000000002,14.516522510427105
631,0.0,2.2447097,0.0,0.0,1.2714803999999997,4.56,0.0,0.0,0.0,0.7374499,18.174594137310127
632,0.0,1.9871203999999998,0.0,0.0,1.5017481000000001,4.525,0.0,0.0,0.0,0.49827647,18.85626263274151
633,0.0,2.2355107999999997,0.0,0.0,1.5017481000000001,4.725,0.0,0.0,0.0,0.7374499,18.474058831725124
634,0.0,2.9898803,0.0,0.0,0.73085123,2.62,0.0,0.0,0.0,0.7474147,14.136195124625402
635,0.0,0.7451706,0.0,0.0,0.22025569,4.68,0.0,0.0,0.0,3.5078660000000004,14.578872254415893
636,0.0,0.7267709,0.0,0.0,0.23026758,4.785,0.0,0.0,0.0,3.4879352999999997,15.461733195870297
637,0.0,1.9871203999999998,0.0,0.0,2.4628667999999996,4.005,0.0,0.0,0.0,0.0,19.277656834338263
638,0.0,3.2382708,0.0,0.0,0.9811426,5.01,0.0,0.0,0.0,0.0,16.932799065636605
639,0.0,0.7451696999999999,0.0,0.0,0.23026854,4.415,0.0,0.0,0.0,3.2387972,15.611648154143644
640,0.0,2.226311,0.0,0.25103486,1.2114102,4.99,0.0,0.0,0.0,0.7474147,19.796986935542048
641,0.0,3.23827,0.0,0.0,1.2314339,2.83,0.0,0.0,0.0,0.0,15.175314681437927
642,0.0,1.9871203999999998,0.0,0.0,2.4828897,3.785,0.0,0.0,0.0,0.0,19.874365136102988
643,0.0,0.73597074,0.0,0.0,0.0,4.78,0.0,0.0,0.0,3.4879352999999997,14.15837393141924
644,0.0,0.49678009999999995,0.0,0.0,0.0,4.98,0.0,0.0,0.0,0.0,3.651892149272237
645,0.0,0.47838128,0.0,0.0,0.0,4.99,0.0,0.0,0.0,0.0,3.436831964979401
646,0.0,3.2382708,0.0,0.0,0.78090966,2.795,0.0,0.0,0.0,0.26906976,12.073066862976749
647,0.0,1.7387308000000001,0.0,0.0,0.0,2.19,0.0,0.0,0.0,2.7504863999999998,10.155536035942404
648,0.0,2.2355099,0.0,0.0,2.262634,2.28,0.0,0.0,0.0,0.0,12.814157528816304
649,0.0,3.7350519,0.0,0.25103486,0.0,3.37,0.0,0.0,0.0,0.23917343,7.4006774186544
650,0.0,1.2419498,0.0,0.0,0.0,4.37,0.0,0.0,0.0,3.2587276000000003,13.008547263845276
651,0.0,1.9963202000000002,0.0,0.0,2.743193,4.155,0.0,0.0,0.0,0.0,18.64111097968653
652,0.0,3.7166512000000003,0.0,0.25103486,0.21024476,4.15,0.0,0.0,0.0,0.0,13.043169582436875
653,0.0,3.2566697999999996,0.0,0.25103486,0.24027947,4.325,0.0,0.0,0.0,0.7175184,14.393374605291124
654,0.0,1.7663293999999998,0.0,0.0,1.2314329,4.28,0.0,0.0,0.0,0.97662145,19.183215227694077
655,0.0,2.0239189,0.0,0.0,1.4817252,4.865,0.0,0.0,0.0,0.7474147,20.45043779740676
656,0.0,0.4783804,0.0,0.0,0.0,3.76,0.0,0.0,0.0,3.7370737000000003,11.926004375360492
657,0.0,0.7267709,0.0,0.0,0.0,4.805,0.0,0.0,0.0,3.5078660000000004,13.506729415759759
658,0.0,2.00552,0.0,0.0,1.4917361999999998,4.57,0.0,0.0,0.0,0.7274832,21.050679838760644
659,0.0,0.48758113,0.0,0.0,0.0,4.965,0.0,0.0,0.0,0.0,4.117240260820851
660,0.0,0.48758024,0.0,0.0,0.0,4.96,0.0,0.0,0.0,0.0,3.3002862134641515
661,0.0,1.9871203999999998,0.0,0.0,1.4817252,4.735,0.0,0.0,0.0,0.50824225,16.42692015444588
662,0.0,2.2447097,0.0,0.0,1.2314339,4.615,0.0,0.0,0.0,0.7474147,17.91129410470327
663,0.0,1.4903402000000001,0.0,0.0,0.54062927,3.18,0.0,0.0,0.0,1.9831401000000002,14.448655230413618
664,0.0,0.7451706,0.0,0.0,0.24027947,4.555,0.0,0.0,0.0,3.4979,13.433846060050357
665,0.0,1.2511497,0.0,0.0,1.9722959999999998,4.325,0.0,0.0,0.0,1.255657,11.192505845583025
666,0.0,1.7387298,0.0,0.0,2.4929025,4.76,0.0,0.0,0.0,0.24913824,19.28022043986013
667,0.0,2.4931002,0.0,0.0,1.2214221,3.56,0.0,0.0,0.0,0.23917247,17.10725727413974
668,0.0,0.73597074,0.0,0.0,0.22025569,4.345,0.0,0.0,0.0,3.2487627999999997,14.100923188159204
669,0.0,2.4931002,0.0,0.0,2.2526221,4.405,0.0,0.0,0.0,0.0,20.715444787248387
670,0.0,2.9898803,0.0,0.0,1.2314339,5.075,0.0,0.0,0.0,0.0,18.23564395120186
671,0.0,2.2447107,0.0,0.0,2.2225873,2.79,0.0,0.0,0.0,0.0,17.85042517661046
672,0.0,0.50597996,0.0,0.0,0.0,4.215,0.0,0.0,0.0,3.9961773999999997,11.905353551695573
673,0.0,0.7451696999999999,0.0,0.0,0.24028042,4.495,0.0,0.0,0.0,3.5078660000000004,15.220653906756462
674,0.0,1.7479296999999998,0.0,0.0,2.2025634999999997,2.94,0.0,0.0,0.0,0.49827647,19.009869312692864
675,0.0,0.49678009999999995,0.0,0.0,0.0,4.91,0.0,0.0,0.0,0.0,3.5152006950525863
676,0.0,0.5151789000000001,0.0,0.0,0.0,4.94,0.0,0.0,0.0,0.0,3.2273402845619907
